Report_Name,Title Master Report,"","","","","","","","","","","","","","","","","","","","",""
Report_ID,TR,"","","","","","","","","","","","","","","","","","","","",""
Release,5,"","","","","","","","","","","","","","","","","","","","",""
Institution_Name,University of Mary Washington,"","","","","","","","","","","","","","","","","","","","",""
Institution_ID,"","","","","","","","","","","","","","","","","","","","","",""
Metric_Types,"","","","","","","","","","","","","","","","","","","","","",""
Report_Filters,Data_Type=Book|Journal,"","","","","","","","","","","","","","","","","","","","",""
Report_Attributes,Attributes_To_ShowData_Type; Section_Type; YOP; Access_Type; Access_Method,"","","","","","","","","","","","","","","","","","","","",""
Exceptions,"","","","","","","","","","","","","","","","","","","","","",""
Reporting_Period,Begin_Date=2020-07-01; End_Date=2020-12-31,"","","","","","","","","","","","","","","","","","","","",""
Created,2022-01-13T03:29:15+0000,"","","","","","","","","","","","","","","","","","","","",""
Created_By,Sheridan PubFactory,"","","","","","","","","","","","","","","","","","","","",""
"","","","","","","","","","","","","","","","","","","","","","",""
Title,Publisher,Publisher_ID,Platform,DOI,Proprietary_ID,ISBN,Print_ISSN,Online_ISSN,URI,Data_Type,Section_Type,YOP,Access_Type,Access_Method,Metric_Type,Reporting_Period_Total,Jul-2020,Aug-2020,Sep-2020,Oct-2020,Nov-2020,Dec-2020
A Grammar of Möðruvallabók,Brill,"",Brill,10.1163/9789004370234,"",978-90-04-37023-4,"","",https://brill.com/view/title/35888,Book,"",2017,Controlled,Regular,Unique_Title_Investigations,1,0,0,0,0,0,1
A Grammar of Möðruvallabók,Brill,"",Brill,10.1163/9789004370234,"",978-90-04-37023-4,"","",https://brill.com/view/title/35888,Book,Book,2017,Controlled,Regular,Total_Item_Investigations,1,0,0,0,0,0,1
A Grammar of Möðruvallabók,Brill,"",Brill,10.1163/9789004370234,"",978-90-04-37023-4,"","",https://brill.com/view/title/35888,Book,Book,2017,Controlled,Regular,Unique_Item_Investigations,1,0,0,0,0,0,1
Architecture of the World’s Major Religions,Brill,"",Brill,10.1163/9789004441439,"",978-90-04-44143-9,"","",https://brill.com/view/title/59042,Book,"",2020,Controlled,Regular,Unique_Title_Investigations,1,0,1,0,0,0,0
Architecture of the World’s Major Religions,Brill,"",Brill,10.1163/9789004441439,"",978-90-04-44143-9,"","",https://brill.com/view/title/59042,Book,Book,2020,Controlled,Regular,Total_Item_Investigations,1,0,1,0,0,0,0
Architecture of the World’s Major Religions,Brill,"",Brill,10.1163/9789004441439,"",978-90-04-44143-9,"","",https://brill.com/view/title/59042,Book,Book,2020,Controlled,Regular,Unique_Item_Investigations,1,0,1,0,0,0,0
Art/Histories in Transcultural Dynamics,Brill,"",Brill,10.30965/9783846759394,"",978-3-8467-5939-4,"","",https://www.fink.de/view/title/52291,Book,Book,2017,Controlled,Regular,No_License,1,0,0,0,1,0,0
Art/Histories in Transcultural Dynamics,Brill,"",Brill,10.30965/9783846759394,"",978-3-8467-5939-4,"","",https://www.fink.de/view/title/52291,Book,"",2017,Controlled,Regular,Unique_Title_Investigations,1,0,0,0,1,0,0
Art/Histories in Transcultural Dynamics,Brill,"",Brill,10.30965/9783846759394,"",978-3-8467-5939-4,"","",https://www.fink.de/view/title/52291,Book,Chapter,2017,Controlled,Regular,Total_Item_Investigations,1,0,0,0,1,0,0
Art/Histories in Transcultural Dynamics,Brill,"",Brill,10.30965/9783846759394,"",978-3-8467-5939-4,"","",https://www.fink.de/view/title/52291,Book,Chapter,2017,Controlled,Regular,Unique_Item_Investigations,1,0,0,0,1,0,0
Behaviour,Brill,"",Brill,"","","",0005-7959,1568-539X,https://brill.com/view/journals/beh/beh-overview.xml,Journal,Article,2013,Controlled,Regular,Total_Item_Investigations,1,0,0,0,1,0,0
Behaviour,Brill,"",Brill,"","","",0005-7959,1568-539X,https://brill.com/view/journals/beh/beh-overview.xml,Journal,Article,2020,Controlled,Regular,Total_Item_Investigations,5,0,0,0,1,4,0
Behaviour,Brill,"",Brill,"","","",0005-7959,1568-539X,https://brill.com/view/journals/beh/beh-overview.xml,Journal,Article,2013,Controlled,Regular,Unique_Item_Investigations,1,0,0,0,1,0,0
Behaviour,Brill,"",Brill,"","","",0005-7959,1568-539X,https://brill.com/view/journals/beh/beh-overview.xml,Journal,Article,2020,Controlled,Regular,Unique_Item_Investigations,5,0,0,0,1,4,0
Behaviour,Brill,"",Brill,"","","",0005-7959,1568-539X,https://brill.com/view/journals/beh/beh-overview.xml,Journal,Article,2013,Controlled,Regular,Total_Item_Requests,1,0,0,0,1,0,0
Behaviour,Brill,"",Brill,"","","",0005-7959,1568-539X,https://brill.com/view/journals/beh/beh-overview.xml,Journal,Article,2020,Controlled,Regular,Total_Item_Requests,5,0,0,0,1,4,0
Behaviour,Brill,"",Brill,"","","",0005-7959,1568-539X,https://brill.com/view/journals/beh/beh-overview.xml,Journal,Article,2013,Controlled,Regular,Unique_Item_Requests,1,0,0,0,1,0,0
Behaviour,Brill,"",Brill,"","","",0005-7959,1568-539X,https://brill.com/view/journals/beh/beh-overview.xml,Journal,Article,2020,Controlled,Regular,Unique_Item_Requests,5,0,0,0,1,4,0
Behaviour,Brill,"",Brill,"","","",0005-7959,1568-539X,https://brill.com/view/journals/beh/beh-overview.xml,Journal,Other,0001,Controlled,Regular,Total_Item_Investigations,1,0,0,0,0,1,0
Behaviour,Brill,"",Brill,"","","",0005-7959,1568-539X,https://brill.com/view/journals/beh/beh-overview.xml,Journal,Article,2019,Controlled,Regular,Total_Item_Investigations,2,0,0,0,0,2,0
Behaviour,Brill,"",Brill,"","","",0005-7959,1568-539X,https://brill.com/view/journals/beh/beh-overview.xml,Journal,Other,2019,Controlled,Regular,Total_Item_Investigations,1,0,0,0,0,1,0
Behaviour,Brill,"",Brill,"","","",0005-7959,1568-539X,https://brill.com/view/journals/beh/beh-overview.xml,Journal,Other,0001,Controlled,Regular,Unique_Item_Investigations,1,0,0,0,0,1,0
Behaviour,Brill,"",Brill,"","","",0005-7959,1568-539X,https://brill.com/view/journals/beh/beh-overview.xml,Journal,Article,2019,Controlled,Regular,Unique_Item_Investigations,1,0,0,0,0,1,0
Behaviour,Brill,"",Brill,"","","",0005-7959,1568-539X,https://brill.com/view/journals/beh/beh-overview.xml,Journal,Other,2019,Controlled,Regular,Unique_Item_Investigations,1,0,0,0,0,1,0
Behaviour,Brill,"",Brill,"","","",0005-7959,1568-539X,https://brill.com/view/journals/beh/beh-overview.xml,Journal,Article,2019,Controlled,Regular,Total_Item_Requests,2,0,0,0,0,2,0
Behaviour,Brill,"",Brill,"","","",0005-7959,1568-539X,https://brill.com/view/journals/beh/beh-overview.xml,Journal,Article,2019,Controlled,Regular,Unique_Item_Requests,1,0,0,0,0,1,0
Beyond Grammaticalization and Discourse Markers,Brill,"",Brill,10.1163/9789004375420,"",978-90-04-37542-0,"","",https://brill.com/view/title/38781,Book,"",2018,Controlled,Regular,Unique_Title_Investigations,1,0,1,0,0,0,0
Beyond Grammaticalization and Discourse Markers,Brill,"",Brill,10.1163/9789004375420,"",978-90-04-37542-0,"","",https://brill.com/view/title/38781,Book,"",2018,Controlled,Regular,Unique_Title_Requests,1,0,1,0,0,0,0
Beyond Grammaticalization and Discourse Markers,Brill,"",Brill,10.1163/9789004375420,"",978-90-04-37542-0,"","",https://brill.com/view/title/38781,Book,Book,2018,Controlled,Regular,Total_Item_Investigations,1,0,1,0,0,0,0
Beyond Grammaticalization and Discourse Markers,Brill,"",Brill,10.1163/9789004375420,"",978-90-04-37542-0,"","",https://brill.com/view/title/38781,Book,Chapter,2018,Controlled,Regular,Total_Item_Investigations,2,0,2,0,0,0,0
Beyond Grammaticalization and Discourse Markers,Brill,"",Brill,10.1163/9789004375420,"",978-90-04-37542-0,"","",https://brill.com/view/title/38781,Book,Book,2018,Controlled,Regular,Unique_Item_Investigations,1,0,1,0,0,0,0
Beyond Grammaticalization and Discourse Markers,Brill,"",Brill,10.1163/9789004375420,"",978-90-04-37542-0,"","",https://brill.com/view/title/38781,Book,Chapter,2018,Controlled,Regular,Unique_Item_Investigations,1,0,1,0,0,0,0
Beyond Grammaticalization and Discourse Markers,Brill,"",Brill,10.1163/9789004375420,"",978-90-04-37542-0,"","",https://brill.com/view/title/38781,Book,Chapter,2018,Controlled,Regular,Total_Item_Requests,2,0,2,0,0,0,0
Beyond Grammaticalization and Discourse Markers,Brill,"",Brill,10.1163/9789004375420,"",978-90-04-37542-0,"","",https://brill.com/view/title/38781,Book,Chapter,2018,Controlled,Regular,Unique_Item_Requests,1,0,1,0,0,0,0
Bibliography of Art and Architecture in the Islamic World (2 vols.),Brill,"",Brill,"","","","","",https://brill.com/view/title/15584,Book,"",2012,Controlled,Regular,Unique_Title_Investigations,1,0,0,0,0,1,0
Bibliography of Art and Architecture in the Islamic World (2 vols.),Brill,"",Brill,"","","","","",https://brill.com/view/title/15584,Book,Book,2012,Controlled,Regular,Total_Item_Investigations,2,0,0,0,0,2,0
Bibliography of Art and Architecture in the Islamic World (2 vols.),Brill,"",Brill,"","","","","",https://brill.com/view/title/15584,Book,Book,2012,Controlled,Regular,Unique_Item_Investigations,1,0,0,0,0,1,0
Biomapping Indigenous Peoples,Brill,"",Brill,10.1163/9789401208666,"",978-94-012-0866-6,"","",https://brill.com/view/title/27956,Book,Book,2012,Controlled,Regular,No_License,2,0,0,0,0,2,0
Biomapping Indigenous Peoples,Brill,"",Brill,10.1163/9789401208666,"",978-94-012-0866-6,"","",https://brill.com/view/title/27956,Book,"",2012,Controlled,Regular,Unique_Title_Investigations,2,0,0,0,0,2,0
Biomapping Indigenous Peoples,Brill,"",Brill,10.1163/9789401208666,"",978-94-012-0866-6,"","",https://brill.com/view/title/27956,Book,Chapter,2012,Controlled,Regular,Total_Item_Investigations,2,0,0,0,0,2,0
Biomapping Indigenous Peoples,Brill,"",Brill,10.1163/9789401208666,"",978-94-012-0866-6,"","",https://brill.com/view/title/27956,Book,Chapter,2012,Controlled,Regular,Unique_Item_Investigations,2,0,0,0,0,2,0
Bourdieu in Question: New Directions in French Sociology of Art,Brill,"",Brill,10.1163/9789004356719,"",978-90-04-35671-9,"","",https://brill.com/view/title/15793,Book,"",2018,Controlled,Regular,Unique_Title_Investigations,7,0,1,6,0,0,0
Bourdieu in Question: New Directions in French Sociology of Art,Brill,"",Brill,10.1163/9789004356719,"",978-90-04-35671-9,"","",https://brill.com/view/title/15793,Book,"",2018,Controlled,Regular,Unique_Title_Requests,7,0,1,6,0,0,0
Bourdieu in Question: New Directions in French Sociology of Art,Brill,"",Brill,10.1163/9789004356719,"",978-90-04-35671-9,"","",https://brill.com/view/title/15793,Book,Chapter,2018,Controlled,Regular,Total_Item_Investigations,8,0,1,7,0,0,0
Bourdieu in Question: New Directions in French Sociology of Art,Brill,"",Brill,10.1163/9789004356719,"",978-90-04-35671-9,"","",https://brill.com/view/title/15793,Book,Chapter,2018,Controlled,Regular,Unique_Item_Investigations,7,0,1,6,0,0,0
Bourdieu in Question: New Directions in French Sociology of Art,Brill,"",Brill,10.1163/9789004356719,"",978-90-04-35671-9,"","",https://brill.com/view/title/15793,Book,Chapter,2018,Controlled,Regular,Total_Item_Requests,7,0,1,6,0,0,0
Bourdieu in Question: New Directions in French Sociology of Art,Brill,"",Brill,10.1163/9789004356719,"",978-90-04-35671-9,"","",https://brill.com/view/title/15793,Book,Chapter,2018,Controlled,Regular,Unique_Item_Requests,7,0,1,6,0,0,0
Brill's Companion to Anarchism and Philosophy,Brill,"",Brill,10.1163/9789004356894,"",978-90-04-35689-4,"","",https://brill.com/view/title/35861,Book,Book,2018,Controlled,Regular,No_License,1,0,0,0,1,0,0
Brill's Companion to Anarchism and Philosophy,Brill,"",Brill,10.1163/9789004356894,"",978-90-04-35689-4,"","",https://brill.com/view/title/35861,Book,"",2018,Controlled,Regular,Unique_Title_Investigations,1,0,0,0,1,0,0
Brill's Companion to Anarchism and Philosophy,Brill,"",Brill,10.1163/9789004356894,"",978-90-04-35689-4,"","",https://brill.com/view/title/35861,Book,Chapter,2018,Controlled,Regular,Total_Item_Investigations,1,0,0,0,1,0,0
Brill's Companion to Anarchism and Philosophy,Brill,"",Brill,10.1163/9789004356894,"",978-90-04-35689-4,"","",https://brill.com/view/title/35861,Book,Chapter,2018,Controlled,Regular,Unique_Item_Investigations,1,0,0,0,1,0,0
Chinua Achebe’s <i>Things Fall Apart</i>,Brill,"",Brill,10.1163/9789401206839,"",978-94-012-0683-9,"","",https://brill.com/view/title/27940,Book,Book,2011,Controlled,Regular,No_License,8,0,0,0,8,0,0
Chinua Achebe’s <i>Things Fall Apart</i>,Brill,"",Brill,10.1163/9789401206839,"",978-94-012-0683-9,"","",https://brill.com/view/title/27940,Book,"",2011,Controlled,Regular,Unique_Title_Investigations,5,0,0,0,5,0,0
Chinua Achebe’s <i>Things Fall Apart</i>,Brill,"",Brill,10.1163/9789401206839,"",978-94-012-0683-9,"","",https://brill.com/view/title/27940,Book,Book,2011,Controlled,Regular,Total_Item_Investigations,1,0,0,0,1,0,0
Chinua Achebe’s <i>Things Fall Apart</i>,Brill,"",Brill,10.1163/9789401206839,"",978-94-012-0683-9,"","",https://brill.com/view/title/27940,Book,Chapter,2011,Controlled,Regular,Total_Item_Investigations,7,0,0,0,7,0,0
Chinua Achebe’s <i>Things Fall Apart</i>,Brill,"",Brill,10.1163/9789401206839,"",978-94-012-0683-9,"","",https://brill.com/view/title/27940,Book,Book,2011,Controlled,Regular,Unique_Item_Investigations,1,0,0,0,1,0,0
Chinua Achebe’s <i>Things Fall Apart</i>,Brill,"",Brill,10.1163/9789401206839,"",978-94-012-0683-9,"","",https://brill.com/view/title/27940,Book,Chapter,2011,Controlled,Regular,Unique_Item_Investigations,5,0,0,0,5,0,0
"Christian Missions and Humanitarianism in The Middle East, 1850-1950",Brill,"",Brill,10.1163/9789004434530,"",978-90-04-43453-0,"","",https://brill.com/view/title/54485,Book,"",2020,OA_Gold,Regular,Unique_Title_Investigations,1,0,0,1,0,0,0
"Christian Missions and Humanitarianism in The Middle East, 1850-1950",Brill,"",Brill,10.1163/9789004434530,"",978-90-04-43453-0,"","",https://brill.com/view/title/54485,Book,Book,2020,OA_Gold,Regular,Total_Item_Investigations,1,0,0,1,0,0,0
"Christian Missions and Humanitarianism in The Middle East, 1850-1950",Brill,"",Brill,10.1163/9789004434530,"",978-90-04-43453-0,"","",https://brill.com/view/title/54485,Book,Book,2020,OA_Gold,Regular,Unique_Item_Investigations,1,0,0,1,0,0,0
Christianity and the Roots of Morality,Brill,"",Brill,10.1163/9789004343535,"",978-90-04-34353-5,"","",https://brill.com/view/title/32844,Book,Book,2017,Controlled,Regular,No_License,1,0,0,0,1,0,0
Christianity and the Roots of Morality,Brill,"",Brill,10.1163/9789004343535,"",978-90-04-34353-5,"","",https://brill.com/view/title/32844,Book,"",2017,Controlled,Regular,Unique_Title_Investigations,1,0,0,0,1,0,0
Christianity and the Roots of Morality,Brill,"",Brill,10.1163/9789004343535,"",978-90-04-34353-5,"","",https://brill.com/view/title/32844,Book,Chapter,2017,Controlled,Regular,Total_Item_Investigations,1,0,0,0,1,0,0
Christianity and the Roots of Morality,Brill,"",Brill,10.1163/9789004343535,"",978-90-04-34353-5,"","",https://brill.com/view/title/32844,Book,Chapter,2017,Controlled,Regular,Unique_Item_Investigations,1,0,0,0,1,0,0
Co-operativism and Local Development in Cuba,Brill,"",Brill,10.1163/9789004361720,"",978-90-04-36172-0,"","",https://brill.com/view/title/35064,Book,"",2018,Controlled,Regular,Unique_Title_Investigations,1,1,0,0,0,0,0
Co-operativism and Local Development in Cuba,Brill,"",Brill,10.1163/9789004361720,"",978-90-04-36172-0,"","",https://brill.com/view/title/35064,Book,"",2018,Controlled,Regular,Unique_Title_Requests,1,1,0,0,0,0,0
Co-operativism and Local Development in Cuba,Brill,"",Brill,10.1163/9789004361720,"",978-90-04-36172-0,"","",https://brill.com/view/title/35064,Book,Book,2018,Controlled,Regular,Total_Item_Investigations,3,3,0,0,0,0,0
Co-operativism and Local Development in Cuba,Brill,"",Brill,10.1163/9789004361720,"",978-90-04-36172-0,"","",https://brill.com/view/title/35064,Book,Chapter,2018,Controlled,Regular,Total_Item_Investigations,3,3,0,0,0,0,0
Co-operativism and Local Development in Cuba,Brill,"",Brill,10.1163/9789004361720,"",978-90-04-36172-0,"","",https://brill.com/view/title/35064,Book,Book,2018,Controlled,Regular,Unique_Item_Investigations,1,1,0,0,0,0,0
Co-operativism and Local Development in Cuba,Brill,"",Brill,10.1163/9789004361720,"",978-90-04-36172-0,"","",https://brill.com/view/title/35064,Book,Chapter,2018,Controlled,Regular,Unique_Item_Investigations,2,2,0,0,0,0,0
Co-operativism and Local Development in Cuba,Brill,"",Brill,10.1163/9789004361720,"",978-90-04-36172-0,"","",https://brill.com/view/title/35064,Book,Chapter,2018,Controlled,Regular,Total_Item_Requests,3,3,0,0,0,0,0
Co-operativism and Local Development in Cuba,Brill,"",Brill,10.1163/9789004361720,"",978-90-04-36172-0,"","",https://brill.com/view/title/35064,Book,Chapter,2018,Controlled,Regular,Unique_Item_Requests,2,2,0,0,0,0,0
"Conquest and Resistance in the Ethiopian Empire, 1880 - 1974",Brill,"",Brill,10.1163/9789004265486,"",978-90-04-26548-6,"","",https://brill.com/view/title/24518,Book,Book,2014,Controlled,Regular,No_License,2,0,0,0,0,2,0
"Conquest and Resistance in the Ethiopian Empire, 1880 - 1974",Brill,"",Brill,10.1163/9789004265486,"",978-90-04-26548-6,"","",https://brill.com/view/title/24518,Book,"",2014,Controlled,Regular,Unique_Title_Investigations,1,0,0,0,0,1,0
"Conquest and Resistance in the Ethiopian Empire, 1880 - 1974",Brill,"",Brill,10.1163/9789004265486,"",978-90-04-26548-6,"","",https://brill.com/view/title/24518,Book,Chapter,2014,Controlled,Regular,Total_Item_Investigations,2,0,0,0,0,2,0
"Conquest and Resistance in the Ethiopian Empire, 1880 - 1974",Brill,"",Brill,10.1163/9789004265486,"",978-90-04-26548-6,"","",https://brill.com/view/title/24518,Book,Chapter,2014,Controlled,Regular,Unique_Item_Investigations,1,0,0,0,0,1,0
Contemporary Pragmatism,Brill,"",Brill,"","","",1572-3429,1875-8185,https://brill.com/view/journals/copr/copr-overview.xml,Journal,Other,2019,Controlled,Regular,No_License,3,0,0,3,0,0,0
Contemporary Pragmatism,Brill,"",Brill,"","","",1572-3429,1875-8185,https://brill.com/view/journals/copr/copr-overview.xml,Journal,Article,2019,Controlled,Regular,Total_Item_Investigations,3,0,0,3,0,0,0
Contemporary Pragmatism,Brill,"",Brill,"","","",1572-3429,1875-8185,https://brill.com/view/journals/copr/copr-overview.xml,Journal,Article,2019,Controlled,Regular,Unique_Item_Investigations,1,0,0,1,0,0,0
Cultural Shifts and Ritual Transformations in Reformation Europe,Brill,"",Brill,10.1163/9789004436022,"",978-90-04-43602-2,"","",https://brill.com/view/title/58311,Book,Book,2020,Controlled,Regular,No_License,1,0,0,0,0,1,0
Cultural Shifts and Ritual Transformations in Reformation Europe,Brill,"",Brill,10.1163/9789004436022,"",978-90-04-43602-2,"","",https://brill.com/view/title/58311,Book,"",2020,Controlled,Regular,Unique_Title_Investigations,1,0,0,0,0,1,0
Cultural Shifts and Ritual Transformations in Reformation Europe,Brill,"",Brill,10.1163/9789004436022,"",978-90-04-43602-2,"","",https://brill.com/view/title/58311,Book,Chapter,2020,Controlled,Regular,Total_Item_Investigations,1,0,0,0,0,1,0
Cultural Shifts and Ritual Transformations in Reformation Europe,Brill,"",Brill,10.1163/9789004436022,"",978-90-04-43602-2,"","",https://brill.com/view/title/58311,Book,Chapter,2020,Controlled,Regular,Unique_Item_Investigations,1,0,0,0,0,1,0
Dead Sea Discoveries,Brill,"",Brill,"","","",0929-0761,1568-5179,https://brill.com/view/journals/dsd/dsd-overview.xml,Journal,Other,2020,Controlled,Regular,No_License,1,0,0,0,1,0,0
Dead Sea Discoveries,Brill,"",Brill,"","","",0929-0761,1568-5179,https://brill.com/view/journals/dsd/dsd-overview.xml,Journal,Other,0001,Controlled,Regular,Total_Item_Investigations,1,0,0,0,1,0,0
Dead Sea Discoveries,Brill,"",Brill,"","","",0929-0761,1568-5179,https://brill.com/view/journals/dsd/dsd-overview.xml,Journal,Article,2020,Controlled,Regular,Total_Item_Investigations,1,0,0,0,1,0,0
Dead Sea Discoveries,Brill,"",Brill,"","","",0929-0761,1568-5179,https://brill.com/view/journals/dsd/dsd-overview.xml,Journal,Other,2020,Controlled,Regular,Total_Item_Investigations,1,0,0,0,1,0,0
Dead Sea Discoveries,Brill,"",Brill,"","","",0929-0761,1568-5179,https://brill.com/view/journals/dsd/dsd-overview.xml,Journal,Other,0001,Controlled,Regular,Unique_Item_Investigations,1,0,0,0,1,0,0
Dead Sea Discoveries,Brill,"",Brill,"","","",0929-0761,1568-5179,https://brill.com/view/journals/dsd/dsd-overview.xml,Journal,Article,2020,Controlled,Regular,Unique_Item_Investigations,1,0,0,0,1,0,0
Dead Sea Discoveries,Brill,"",Brill,"","","",0929-0761,1568-5179,https://brill.com/view/journals/dsd/dsd-overview.xml,Journal,Other,2020,Controlled,Regular,Unique_Item_Investigations,1,0,0,0,1,0,0
Die Welt des Islams,Brill,"",Brill,"","","",0043-2539,1570-0607,https://brill.com/view/journals/wdi/wdi-overview.xml,Journal,Other,9999,Controlled,Regular,No_License,1,0,0,0,0,1,0
Die Welt des Islams,Brill,"",Brill,"","","",0043-2539,1570-0607,https://brill.com/view/journals/wdi/wdi-overview.xml,Journal,Article,9999,Controlled,Regular,Total_Item_Investigations,1,0,0,0,0,1,0
Die Welt des Islams,Brill,"",Brill,"","","",0043-2539,1570-0607,https://brill.com/view/journals/wdi/wdi-overview.xml,Journal,Article,9999,Controlled,Regular,Unique_Item_Investigations,1,0,0,0,0,1,0
Eleanor Smith's <i>Hull House Songs</i>,Brill,"",Brill,10.1163/9789004384057,"",978-90-04-38405-7,"","",https://brill.com/view/title/32562,Book,"",2019,Controlled,Regular,Unique_Title_Investigations,1,0,0,1,0,0,0
Eleanor Smith's <i>Hull House Songs</i>,Brill,"",Brill,10.1163/9789004384057,"",978-90-04-38405-7,"","",https://brill.com/view/title/32562,Book,"",2019,Controlled,Regular,Unique_Title_Requests,1,0,0,1,0,0,0
Eleanor Smith's <i>Hull House Songs</i>,Brill,"",Brill,10.1163/9789004384057,"",978-90-04-38405-7,"","",https://brill.com/view/title/32562,Book,Book,2019,Controlled,Regular,Total_Item_Investigations,2,0,0,2,0,0,0
Eleanor Smith's <i>Hull House Songs</i>,Brill,"",Brill,10.1163/9789004384057,"",978-90-04-38405-7,"","",https://brill.com/view/title/32562,Book,Book,2019,Controlled,Regular,Unique_Item_Investigations,1,0,0,1,0,0,0
Eleanor Smith's <i>Hull House Songs</i>,Brill,"",Brill,10.1163/9789004384057,"",978-90-04-38405-7,"","",https://brill.com/view/title/32562,Book,Book,2019,Controlled,Regular,Total_Item_Requests,1,0,0,1,0,0,0
Eleanor Smith's <i>Hull House Songs</i>,Brill,"",Brill,10.1163/9789004384057,"",978-90-04-38405-7,"","",https://brill.com/view/title/32562,Book,Book,2019,Controlled,Regular,Unique_Item_Requests,1,0,0,1,0,0,0
Empires of the Sea,Brill,"",Brill,10.1163/9789004407671,"",978-90-04-40767-1,"","",https://brill.com/view/title/55629,Book,"",2019,Controlled,Regular,Unique_Title_Investigations,1,0,0,1,0,0,0
Empires of the Sea,Brill,"",Brill,10.1163/9789004407671,"",978-90-04-40767-1,"","",https://brill.com/view/title/55629,Book,"",2019,Controlled,Regular,Unique_Title_Requests,1,0,0,1,0,0,0
Empires of the Sea,Brill,"",Brill,10.1163/9789004407671,"",978-90-04-40767-1,"","",https://brill.com/view/title/55629,Book,Book,2019,Controlled,Regular,Total_Item_Investigations,2,0,0,2,0,0,0
Empires of the Sea,Brill,"",Brill,10.1163/9789004407671,"",978-90-04-40767-1,"","",https://brill.com/view/title/55629,Book,Book,2019,Controlled,Regular,Unique_Item_Investigations,1,0,0,1,0,0,0
Empires of the Sea,Brill,"",Brill,10.1163/9789004407671,"",978-90-04-40767-1,"","",https://brill.com/view/title/55629,Book,Book,2019,Controlled,Regular,Total_Item_Requests,1,0,0,1,0,0,0
Empires of the Sea,Brill,"",Brill,10.1163/9789004407671,"",978-90-04-40767-1,"","",https://brill.com/view/title/55629,Book,Book,2019,Controlled,Regular,Unique_Item_Requests,1,0,0,1,0,0,0
Enlightening Europe on Islam and the Ottomans,Brill,"",Brill,10.1163/9789004377257,"",978-90-04-37725-7,"","",https://brill.com/view/title/36104,Book,"",2019,Controlled,Regular,Unique_Title_Investigations,1,0,1,0,0,0,0
Enlightening Europe on Islam and the Ottomans,Brill,"",Brill,10.1163/9789004377257,"",978-90-04-37725-7,"","",https://brill.com/view/title/36104,Book,"",2019,Controlled,Regular,Unique_Title_Requests,1,0,1,0,0,0,0
Enlightening Europe on Islam and the Ottomans,Brill,"",Brill,10.1163/9789004377257,"",978-90-04-37725-7,"","",https://brill.com/view/title/36104,Book,Chapter,2019,Controlled,Regular,Total_Item_Investigations,2,0,2,0,0,0,0
Enlightening Europe on Islam and the Ottomans,Brill,"",Brill,10.1163/9789004377257,"",978-90-04-37725-7,"","",https://brill.com/view/title/36104,Book,Chapter,2019,Controlled,Regular,Unique_Item_Investigations,1,0,1,0,0,0,0
Enlightening Europe on Islam and the Ottomans,Brill,"",Brill,10.1163/9789004377257,"",978-90-04-37725-7,"","",https://brill.com/view/title/36104,Book,Chapter,2019,Controlled,Regular,Total_Item_Requests,2,0,2,0,0,0,0
Enlightening Europe on Islam and the Ottomans,Brill,"",Brill,10.1163/9789004377257,"",978-90-04-37725-7,"","",https://brill.com/view/title/36104,Book,Chapter,2019,Controlled,Regular,Unique_Item_Requests,1,0,1,0,0,0,0
Envisioning Islamic Art and Architecture,Brill,"",Brill,10.1163/9789004280281,"",978-90-04-28028-1,"","",https://brill.com/view/title/24922,Book,"",2014,Controlled,Regular,Unique_Title_Investigations,1,0,1,0,0,0,0
Envisioning Islamic Art and Architecture,Brill,"",Brill,10.1163/9789004280281,"",978-90-04-28028-1,"","",https://brill.com/view/title/24922,Book,Book,2014,Controlled,Regular,Total_Item_Investigations,2,0,2,0,0,0,0
Envisioning Islamic Art and Architecture,Brill,"",Brill,10.1163/9789004280281,"",978-90-04-28028-1,"","",https://brill.com/view/title/24922,Book,Book,2014,Controlled,Regular,Unique_Item_Investigations,1,0,1,0,0,0,0
"Envisioning Others: Race, Color, and the Visual in Iberia and Latin America",Brill,"",Brill,10.1163/9789004302150,"",978-90-04-30215-0,"","",https://brill.com/view/title/25200,Book,Book,2016,Controlled,Regular,No_License,3,0,0,0,0,3,0
"Envisioning Others: Race, Color, and the Visual in Iberia and Latin America",Brill,"",Brill,10.1163/9789004302150,"",978-90-04-30215-0,"","",https://brill.com/view/title/25200,Book,"",2015,Controlled,Regular,Unique_Title_Investigations,1,0,0,0,0,1,0
"Envisioning Others: Race, Color, and the Visual in Iberia and Latin America",Brill,"",Brill,10.1163/9789004302150,"",978-90-04-30215-0,"","",https://brill.com/view/title/25200,Book,"",2016,Controlled,Regular,Unique_Title_Investigations,1,0,0,0,0,1,0
"Envisioning Others: Race, Color, and the Visual in Iberia and Latin America",Brill,"",Brill,10.1163/9789004302150,"",978-90-04-30215-0,"","",https://brill.com/view/title/25200,Book,Book,2015,Controlled,Regular,Total_Item_Investigations,1,0,0,0,0,1,0
"Envisioning Others: Race, Color, and the Visual in Iberia and Latin America",Brill,"",Brill,10.1163/9789004302150,"",978-90-04-30215-0,"","",https://brill.com/view/title/25200,Book,Chapter,2016,Controlled,Regular,Total_Item_Investigations,3,0,0,0,0,3,0
"Envisioning Others: Race, Color, and the Visual in Iberia and Latin America",Brill,"",Brill,10.1163/9789004302150,"",978-90-04-30215-0,"","",https://brill.com/view/title/25200,Book,Book,2015,Controlled,Regular,Unique_Item_Investigations,1,0,0,0,0,1,0
"Envisioning Others: Race, Color, and the Visual in Iberia and Latin America",Brill,"",Brill,10.1163/9789004302150,"",978-90-04-30215-0,"","",https://brill.com/view/title/25200,Book,Chapter,2016,Controlled,Regular,Unique_Item_Investigations,1,0,0,0,0,1,0
Explorations in Renaissance Culture,Brill,"",Brill,"","","",0098-2474,2352-6963,https://brill.com/view/journals/erc/erc-overview.xml,Journal,Other,1994,Controlled,Regular,No_License,1,0,0,1,0,0,0
Explorations in Renaissance Culture,Brill,"",Brill,"","","",0098-2474,2352-6963,https://brill.com/view/journals/erc/erc-overview.xml,Journal,Article,1994,Controlled,Regular,Total_Item_Investigations,1,0,0,1,0,0,0
Explorations in Renaissance Culture,Brill,"",Brill,"","","",0098-2474,2352-6963,https://brill.com/view/journals/erc/erc-overview.xml,Journal,Article,1994,Controlled,Regular,Unique_Item_Investigations,1,0,0,1,0,0,0
Fidel in the Cuban Socialist Revolution,Brill,"",Brill,10.1163/9789004415737,"",978-90-04-41573-7,"","",https://brill.com/view/title/56215,Book,"",2020,Controlled,Regular,Unique_Title_Investigations,1,0,0,0,1,0,0
Fidel in the Cuban Socialist Revolution,Brill,"",Brill,10.1163/9789004415737,"",978-90-04-41573-7,"","",https://brill.com/view/title/56215,Book,"",2020,Controlled,Regular,Unique_Title_Requests,1,0,0,0,1,0,0
Fidel in the Cuban Socialist Revolution,Brill,"",Brill,10.1163/9789004415737,"",978-90-04-41573-7,"","",https://brill.com/view/title/56215,Book,Book,2020,Controlled,Regular,Total_Item_Investigations,2,0,0,0,2,0,0
Fidel in the Cuban Socialist Revolution,Brill,"",Brill,10.1163/9789004415737,"",978-90-04-41573-7,"","",https://brill.com/view/title/56215,Book,Book,2020,Controlled,Regular,Unique_Item_Investigations,1,0,0,0,1,0,0
Fidel in the Cuban Socialist Revolution,Brill,"",Brill,10.1163/9789004415737,"",978-90-04-41573-7,"","",https://brill.com/view/title/56215,Book,Book,2020,Controlled,Regular,Total_Item_Requests,1,0,0,0,1,0,0
Fidel in the Cuban Socialist Revolution,Brill,"",Brill,10.1163/9789004415737,"",978-90-04-41573-7,"","",https://brill.com/view/title/56215,Book,Book,2020,Controlled,Regular,Unique_Item_Requests,1,0,0,0,1,0,0
From Document to History,Brill,"",Brill,10.1163/9789004382886,"",978-90-04-38288-6,"","",https://brill.com/view/title/39191,Book,"",2019,Controlled,Regular,Unique_Title_Investigations,4,4,0,0,0,0,0
From Document to History,Brill,"",Brill,10.1163/9789004382886,"",978-90-04-38288-6,"","",https://brill.com/view/title/39191,Book,"",2019,Controlled,Regular,Unique_Title_Requests,1,1,0,0,0,0,0
From Document to History,Brill,"",Brill,10.1163/9789004382886,"",978-90-04-38288-6,"","",https://brill.com/view/title/39191,Book,Book,2019,Controlled,Regular,Total_Item_Investigations,4,4,0,0,0,0,0
From Document to History,Brill,"",Brill,10.1163/9789004382886,"",978-90-04-38288-6,"","",https://brill.com/view/title/39191,Book,Chapter,2019,Controlled,Regular,Total_Item_Investigations,2,2,0,0,0,0,0
From Document to History,Brill,"",Brill,10.1163/9789004382886,"",978-90-04-38288-6,"","",https://brill.com/view/title/39191,Book,Book,2019,Controlled,Regular,Unique_Item_Investigations,4,4,0,0,0,0,0
From Document to History,Brill,"",Brill,10.1163/9789004382886,"",978-90-04-38288-6,"","",https://brill.com/view/title/39191,Book,Chapter,2019,Controlled,Regular,Unique_Item_Investigations,1,1,0,0,0,0,0
From Document to History,Brill,"",Brill,10.1163/9789004382886,"",978-90-04-38288-6,"","",https://brill.com/view/title/39191,Book,Chapter,2019,Controlled,Regular,Total_Item_Requests,2,2,0,0,0,0,0
From Document to History,Brill,"",Brill,10.1163/9789004382886,"",978-90-04-38288-6,"","",https://brill.com/view/title/39191,Book,Chapter,2019,Controlled,Regular,Unique_Item_Requests,1,1,0,0,0,0,0
Gaining and Losing Imperial Favour in Late Antiquity,Brill,"",Brill,10.1163/9789004411791,"",978-90-04-41179-1,"","",https://brill.com/view/title/54618,Book,"",2019,Controlled,Regular,Unique_Title_Investigations,1,0,0,0,0,0,1
Gaining and Losing Imperial Favour in Late Antiquity,Brill,"",Brill,10.1163/9789004411791,"",978-90-04-41179-1,"","",https://brill.com/view/title/54618,Book,"",2019,Controlled,Regular,Unique_Title_Requests,1,0,0,0,0,0,1
Gaining and Losing Imperial Favour in Late Antiquity,Brill,"",Brill,10.1163/9789004411791,"",978-90-04-41179-1,"","",https://brill.com/view/title/54618,Book,Chapter,2019,Controlled,Regular,Total_Item_Investigations,1,0,0,0,0,0,1
Gaining and Losing Imperial Favour in Late Antiquity,Brill,"",Brill,10.1163/9789004411791,"",978-90-04-41179-1,"","",https://brill.com/view/title/54618,Book,Chapter,2019,Controlled,Regular,Unique_Item_Investigations,1,0,0,0,0,0,1
Gaining and Losing Imperial Favour in Late Antiquity,Brill,"",Brill,10.1163/9789004411791,"",978-90-04-41179-1,"","",https://brill.com/view/title/54618,Book,Chapter,2019,Controlled,Regular,Total_Item_Requests,1,0,0,0,0,0,1
Gaining and Losing Imperial Favour in Late Antiquity,Brill,"",Brill,10.1163/9789004411791,"",978-90-04-41179-1,"","",https://brill.com/view/title/54618,Book,Chapter,2019,Controlled,Regular,Unique_Item_Requests,1,0,0,0,0,0,1
Gendering the Trans-Pacific World,Brill,"",Brill,10.1163/9789004336100,"",978-90-04-33610-0,"","",https://brill.com/view/title/34139,Book,"",2017,Controlled,Regular,Unique_Title_Investigations,1,0,0,1,0,0,0
Gendering the Trans-Pacific World,Brill,"",Brill,10.1163/9789004336100,"",978-90-04-33610-0,"","",https://brill.com/view/title/34139,Book,Book,2017,Controlled,Regular,Total_Item_Investigations,1,0,0,1,0,0,0
Gendering the Trans-Pacific World,Brill,"",Brill,10.1163/9789004336100,"",978-90-04-33610-0,"","",https://brill.com/view/title/34139,Book,Book,2017,Controlled,Regular,Unique_Item_Investigations,1,0,0,1,0,0,0
Handbook of Contemporary Paganism,Brill,"",Brill,10.1163/ej.9789004163737.i-650,"",978-90-47-44235-6,"","",https://brill.com/view/title/13253,Book,Book,2009,Controlled,Regular,No_License,1,0,0,0,0,1,0
Handbook of Contemporary Paganism,Brill,"",Brill,10.1163/ej.9789004163737.i-650,"",978-90-47-44235-6,"","",https://brill.com/view/title/13253,Book,"",2009,Controlled,Regular,Unique_Title_Investigations,1,0,0,0,0,1,0
Handbook of Contemporary Paganism,Brill,"",Brill,10.1163/ej.9789004163737.i-650,"",978-90-47-44235-6,"","",https://brill.com/view/title/13253,Book,Book,2009,Controlled,Regular,Total_Item_Investigations,1,0,0,0,0,1,0
Handbook of Contemporary Paganism,Brill,"",Brill,10.1163/ej.9789004163737.i-650,"",978-90-47-44235-6,"","",https://brill.com/view/title/13253,Book,Chapter,2009,Controlled,Regular,Total_Item_Investigations,1,0,0,0,0,1,0
Handbook of Contemporary Paganism,Brill,"",Brill,10.1163/ej.9789004163737.i-650,"",978-90-47-44235-6,"","",https://brill.com/view/title/13253,Book,Book,2009,Controlled,Regular,Unique_Item_Investigations,1,0,0,0,0,1,0
Handbook of Contemporary Paganism,Brill,"",Brill,10.1163/ej.9789004163737.i-650,"",978-90-47-44235-6,"","",https://brill.com/view/title/13253,Book,Chapter,2009,Controlled,Regular,Unique_Item_Investigations,1,0,0,0,0,1,0
"Hanswurst, Bernardon, Kasperl",Brill,"",Brill,"","","","","",https://www.schoeningh.de/view/title/45598,Book,"",2003,Controlled,Regular,Unique_Title_Investigations,1,0,0,0,0,1,0
"Hanswurst, Bernardon, Kasperl",Brill,"",Brill,"","","","","",https://www.schoeningh.de/view/title/45598,Book,Book,2003,Controlled,Regular,Total_Item_Investigations,1,0,0,0,0,1,0
"Hanswurst, Bernardon, Kasperl",Brill,"",Brill,"","","","","",https://www.schoeningh.de/view/title/45598,Book,Book,2003,Controlled,Regular,Unique_Item_Investigations,1,0,0,0,0,1,0
Hawwa,Brill,"",Brill,"","","",1569-2078,1569-2086,https://brill.com/view/journals/haww/haww-overview.xml,Journal,Other,2018,Controlled,Regular,No_License,1,0,0,1,0,0,0
Hawwa,Brill,"",Brill,"","","",1569-2078,1569-2086,https://brill.com/view/journals/haww/haww-overview.xml,Journal,Article,2018,Controlled,Regular,Total_Item_Investigations,1,0,0,1,0,0,0
Hawwa,Brill,"",Brill,"","","",1569-2078,1569-2086,https://brill.com/view/journals/haww/haww-overview.xml,Journal,Article,2018,Controlled,Regular,Unique_Item_Investigations,1,0,0,1,0,0,0
Hawwa,Brill,"",Brill,"","","",1569-2078,1569-2086,https://brill.com/view/journals/haww/haww-overview.xml,Journal,Other,2012,Controlled,Regular,No_License,1,0,0,0,1,0,0
Hawwa,Brill,"",Brill,"","","",1569-2078,1569-2086,https://brill.com/view/journals/haww/haww-overview.xml,Journal,Article,2012,Controlled,Regular,Total_Item_Investigations,1,0,0,0,1,0,0
Hawwa,Brill,"",Brill,"","","",1569-2078,1569-2086,https://brill.com/view/journals/haww/haww-overview.xml,Journal,Article,2012,Controlled,Regular,Unique_Item_Investigations,1,0,0,0,1,0,0
Hellenistic and Roman Terracottas,Brill,"",Brill,10.1163/9789004384835,"",978-90-04-38483-5,"","",https://brill.com/view/title/34926,Book,"",2019,Controlled,Regular,Unique_Title_Investigations,1,0,0,0,1,0,0
Hellenistic and Roman Terracottas,Brill,"",Brill,10.1163/9789004384835,"",978-90-04-38483-5,"","",https://brill.com/view/title/34926,Book,"",2019,Controlled,Regular,Unique_Title_Requests,1,0,0,0,1,0,0
Hellenistic and Roman Terracottas,Brill,"",Brill,10.1163/9789004384835,"",978-90-04-38483-5,"","",https://brill.com/view/title/34926,Book,Chapter,2019,Controlled,Regular,Total_Item_Investigations,2,0,0,0,2,0,0
Hellenistic and Roman Terracottas,Brill,"",Brill,10.1163/9789004384835,"",978-90-04-38483-5,"","",https://brill.com/view/title/34926,Book,Chapter,2019,Controlled,Regular,Unique_Item_Investigations,2,0,0,0,2,0,0
Hellenistic and Roman Terracottas,Brill,"",Brill,10.1163/9789004384835,"",978-90-04-38483-5,"","",https://brill.com/view/title/34926,Book,Chapter,2019,Controlled,Regular,Total_Item_Requests,2,0,0,0,2,0,0
Hellenistic and Roman Terracottas,Brill,"",Brill,10.1163/9789004384835,"",978-90-04-38483-5,"","",https://brill.com/view/title/34926,Book,Chapter,2019,Controlled,Regular,Unique_Item_Requests,2,0,0,0,2,0,0
Hip Hop’s Hostile Gospel,Brill,"",Brill,10.1163/9789004210608,"",978-90-04-21060-8,"","",https://brill.com/view/title/20490,Book,"",2017,Controlled,Regular,Unique_Title_Investigations,1,0,1,0,0,0,0
Hip Hop’s Hostile Gospel,Brill,"",Brill,10.1163/9789004210608,"",978-90-04-21060-8,"","",https://brill.com/view/title/20490,Book,Book,2017,Controlled,Regular,Total_Item_Investigations,2,0,2,0,0,0,0
Hip Hop’s Hostile Gospel,Brill,"",Brill,10.1163/9789004210608,"",978-90-04-21060-8,"","",https://brill.com/view/title/20490,Book,Book,2017,Controlled,Regular,Unique_Item_Investigations,1,0,1,0,0,0,0
"Historicizing Sunni Islam in the Ottoman Empire, c. 1450-c. 1750",Brill,"",Brill,10.1163/9789004440296,"",978-90-04-44029-6,"","",https://brill.com/view/title/58970,Book,"",2020,OA_Gold,Regular,Unique_Title_Investigations,2,0,0,1,0,1,0
"Historicizing Sunni Islam in the Ottoman Empire, c. 1450-c. 1750",Brill,"",Brill,10.1163/9789004440296,"",978-90-04-44029-6,"","",https://brill.com/view/title/58970,Book,"",2021,OA_Gold,Regular,Unique_Title_Investigations,7,0,0,1,0,6,0
"Historicizing Sunni Islam in the Ottoman Empire, c. 1450-c. 1750",Brill,"",Brill,10.1163/9789004440296,"",978-90-04-44029-6,"","",https://brill.com/view/title/58970,Book,"",2020,OA_Gold,Regular,Unique_Title_Requests,2,0,0,1,0,1,0
"Historicizing Sunni Islam in the Ottoman Empire, c. 1450-c. 1750",Brill,"",Brill,10.1163/9789004440296,"",978-90-04-44029-6,"","",https://brill.com/view/title/58970,Book,Chapter,2020,OA_Gold,Regular,Total_Item_Investigations,4,0,0,2,0,2,0
"Historicizing Sunni Islam in the Ottoman Empire, c. 1450-c. 1750",Brill,"",Brill,10.1163/9789004440296,"",978-90-04-44029-6,"","",https://brill.com/view/title/58970,Book,Book,2021,OA_Gold,Regular,Total_Item_Investigations,8,0,0,1,0,7,0
"Historicizing Sunni Islam in the Ottoman Empire, c. 1450-c. 1750",Brill,"",Brill,10.1163/9789004440296,"",978-90-04-44029-6,"","",https://brill.com/view/title/58970,Book,Chapter,2020,OA_Gold,Regular,Unique_Item_Investigations,2,0,0,1,0,1,0
"Historicizing Sunni Islam in the Ottoman Empire, c. 1450-c. 1750",Brill,"",Brill,10.1163/9789004440296,"",978-90-04-44029-6,"","",https://brill.com/view/title/58970,Book,Book,2021,OA_Gold,Regular,Unique_Item_Investigations,7,0,0,1,0,6,0
"Historicizing Sunni Islam in the Ottoman Empire, c. 1450-c. 1750",Brill,"",Brill,10.1163/9789004440296,"",978-90-04-44029-6,"","",https://brill.com/view/title/58970,Book,Chapter,2020,OA_Gold,Regular,Total_Item_Requests,4,0,0,2,0,2,0
"Historicizing Sunni Islam in the Ottoman Empire, c. 1450-c. 1750",Brill,"",Brill,10.1163/9789004440296,"",978-90-04-44029-6,"","",https://brill.com/view/title/58970,Book,Chapter,2020,OA_Gold,Regular,Unique_Item_Requests,2,0,0,1,0,1,0
"Historicizing Sunni Islam in the Ottoman Empire, c. 1450-c. 1750",Brill,"",Brill,10.1163/9789004440296,"",978-90-04-44029-6,"","",https://brill.com/view/title/58970,Book,"",2021,OA_Gold,Regular,Unique_Title_Requests,2,0,0,0,0,2,0
"Historicizing Sunni Islam in the Ottoman Empire, c. 1450-c. 1750",Brill,"",Brill,10.1163/9789004440296,"",978-90-04-44029-6,"","",https://brill.com/view/title/58970,Book,Book,2021,OA_Gold,Regular,Total_Item_Requests,2,0,0,0,0,2,0
"Historicizing Sunni Islam in the Ottoman Empire, c. 1450-c. 1750",Brill,"",Brill,10.1163/9789004440296,"",978-90-04-44029-6,"","",https://brill.com/view/title/58970,Book,Book,2021,OA_Gold,Regular,Unique_Item_Requests,2,0,0,0,0,2,0
History of Italian Philosophy,Brill,"",Brill,10.1163/9789401205221,"",978-94-012-0522-1,"","",https://brill.com/view/title/31217,Book,Book,2008,Controlled,Regular,No_License,2,2,0,0,0,0,0
History of Italian Philosophy,Brill,"",Brill,10.1163/9789401205221,"",978-94-012-0522-1,"","",https://brill.com/view/title/31217,Book,"",2008,Controlled,Regular,Unique_Title_Investigations,1,1,0,0,0,0,0
History of Italian Philosophy,Brill,"",Brill,10.1163/9789401205221,"",978-94-012-0522-1,"","",https://brill.com/view/title/31217,Book,Chapter,2008,Controlled,Regular,Total_Item_Investigations,2,2,0,0,0,0,0
History of Italian Philosophy,Brill,"",Brill,10.1163/9789401205221,"",978-94-012-0522-1,"","",https://brill.com/view/title/31217,Book,Chapter,2008,Controlled,Regular,Unique_Item_Investigations,2,2,0,0,0,0,0
Interdisciplinary Journal for Religion and Transformation in Contemporary Society,Brill,"",Brill,"","","",2365-3140,2364-2807,https://brill.com/view/journals/jrat/jrat-overview.xml,Journal,Article,2019,OA_Gold,Regular,Total_Item_Investigations,1,0,0,0,0,1,0
Interdisciplinary Journal for Religion and Transformation in Contemporary Society,Brill,"",Brill,"","","",2365-3140,2364-2807,https://brill.com/view/journals/jrat/jrat-overview.xml,Journal,Article,2019,OA_Gold,Regular,Unique_Item_Investigations,1,0,0,0,0,1,0
Interdisciplinary Journal for Religion and Transformation in Contemporary Society,Brill,"",Brill,"","","",2365-3140,2364-2807,https://brill.com/view/journals/jrat/jrat-overview.xml,Journal,Article,2019,OA_Gold,Regular,Total_Item_Requests,1,0,0,0,0,1,0
Interdisciplinary Journal for Religion and Transformation in Contemporary Society,Brill,"",Brill,"","","",2365-3140,2364-2807,https://brill.com/view/journals/jrat/jrat-overview.xml,Journal,Article,2019,OA_Gold,Regular,Unique_Item_Requests,1,0,0,0,0,1,0
Interdisciplinary Perspectives on Torture,Brill,"",Brill,10.1163/9789004408012,"",978-90-04-40801-2,"","",https://brill.com/view/title/55416,Book,"",2019,Controlled,Regular,Unique_Title_Investigations,1,1,0,0,0,0,0
Interdisciplinary Perspectives on Torture,Brill,"",Brill,10.1163/9789004408012,"",978-90-04-40801-2,"","",https://brill.com/view/title/55416,Book,"",2019,Controlled,Regular,Unique_Title_Requests,1,1,0,0,0,0,0
Interdisciplinary Perspectives on Torture,Brill,"",Brill,10.1163/9789004408012,"",978-90-04-40801-2,"","",https://brill.com/view/title/55416,Book,Book,2019,Controlled,Regular,Total_Item_Investigations,3,3,0,0,0,0,0
Interdisciplinary Perspectives on Torture,Brill,"",Brill,10.1163/9789004408012,"",978-90-04-40801-2,"","",https://brill.com/view/title/55416,Book,Book,2019,Controlled,Regular,Unique_Item_Investigations,1,1,0,0,0,0,0
Interdisciplinary Perspectives on Torture,Brill,"",Brill,10.1163/9789004408012,"",978-90-04-40801-2,"","",https://brill.com/view/title/55416,Book,Book,2019,Controlled,Regular,Total_Item_Requests,1,1,0,0,0,0,0
Interdisciplinary Perspectives on Torture,Brill,"",Brill,10.1163/9789004408012,"",978-90-04-40801-2,"","",https://brill.com/view/title/55416,Book,Book,2019,Controlled,Regular,Unique_Item_Requests,1,1,0,0,0,0,0
International Journal of Comparative Sociology,Brill,"",Brill,"","","",0020-7152,1745-2554,https://brill.com/view/journals/ijcs/ijcs-overview.xml,Journal,Other,1974,Controlled,Regular,No_License,1,0,0,0,0,1,0
International Journal of Comparative Sociology,Brill,"",Brill,"","","",0020-7152,1745-2554,https://brill.com/view/journals/ijcs/ijcs-overview.xml,Journal,Article,1974,Controlled,Regular,Total_Item_Investigations,2,0,0,0,0,2,0
International Journal of Comparative Sociology,Brill,"",Brill,"","","",0020-7152,1745-2554,https://brill.com/view/journals/ijcs/ijcs-overview.xml,Journal,Article,1974,Controlled,Regular,Unique_Item_Investigations,1,0,0,0,0,1,0
Israel Journal of Ecology and Evolution,Brill,"",Brill,"","","",1565-9801,2224-4662,https://brill.com/view/journals/ijee/ijee-overview.xml,Journal,Article,2017,Controlled,Regular,Total_Item_Investigations,1,0,0,0,0,1,0
Israel Journal of Ecology and Evolution,Brill,"",Brill,"","","",1565-9801,2224-4662,https://brill.com/view/journals/ijee/ijee-overview.xml,Journal,Article,2017,Controlled,Regular,Unique_Item_Investigations,1,0,0,0,0,1,0
Israel Journal of Ecology and Evolution,Brill,"",Brill,"","","",1565-9801,2224-4662,https://brill.com/view/journals/ijee/ijee-overview.xml,Journal,Article,2017,Controlled,Regular,Total_Item_Requests,1,0,0,0,0,1,0
Israel Journal of Ecology and Evolution,Brill,"",Brill,"","","",1565-9801,2224-4662,https://brill.com/view/journals/ijee/ijee-overview.xml,Journal,Article,2017,Controlled,Regular,Unique_Item_Requests,1,0,0,0,0,1,0
Journal for the Study of the Historical Jesus,Brill,"",Brill,"","","",1476-8690,1745-5197,https://brill.com/view/journals/jshj/jshj-overview.xml,Journal,Other,2013,Controlled,Regular,No_License,1,0,0,0,1,0,0
Journal for the Study of the Historical Jesus,Brill,"",Brill,"","","",1476-8690,1745-5197,https://brill.com/view/journals/jshj/jshj-overview.xml,Journal,Article,2013,Controlled,Regular,Total_Item_Investigations,1,0,0,0,1,0,0
Journal for the Study of the Historical Jesus,Brill,"",Brill,"","","",1476-8690,1745-5197,https://brill.com/view/journals/jshj/jshj-overview.xml,Journal,Article,2013,Controlled,Regular,Unique_Item_Investigations,1,0,0,0,1,0,0
Journal of Early American History,Brill,"",Brill,"","","",1877-0223,1877-0703,https://brill.com/view/journals/jeah/jeah-overview.xml,Journal,Other,2013,Controlled,Regular,No_License,1,0,0,1,0,0,0
Journal of Early American History,Brill,"",Brill,"","","",1877-0223,1877-0703,https://brill.com/view/journals/jeah/jeah-overview.xml,Journal,Article,2013,Controlled,Regular,Total_Item_Investigations,1,0,0,1,0,0,0
Journal of Early American History,Brill,"",Brill,"","","",1877-0223,1877-0703,https://brill.com/view/journals/jeah/jeah-overview.xml,Journal,Article,2013,Controlled,Regular,Unique_Item_Investigations,1,0,0,1,0,0,0
Journal of Early Modern History,Brill,"",Brill,"","","",1385-3783,1570-0658,https://brill.com/view/journals/jemh/jemh-overview.xml,Journal,Other,2003,Controlled,Regular,No_License,2,0,2,0,0,0,0
Journal of Early Modern History,Brill,"",Brill,"","","",1385-3783,1570-0658,https://brill.com/view/journals/jemh/jemh-overview.xml,Journal,Article,2003,Controlled,Regular,Total_Item_Investigations,2,0,2,0,0,0,0
Journal of Early Modern History,Brill,"",Brill,"","","",1385-3783,1570-0658,https://brill.com/view/journals/jemh/jemh-overview.xml,Journal,Article,2003,Controlled,Regular,Unique_Item_Investigations,1,0,1,0,0,0,0
Journal of Jesuit Studies,Brill,"",Brill,"","","",2214-1324,2214-1332,https://brill.com/view/journals/jjs/jjs-overview.xml,Journal,Article,2019,OA_Gold,Regular,Total_Item_Investigations,4,0,0,0,1,3,0
Journal of Jesuit Studies,Brill,"",Brill,"","","",2214-1324,2214-1332,https://brill.com/view/journals/jjs/jjs-overview.xml,Journal,Article,2019,OA_Gold,Regular,Unique_Item_Investigations,4,0,0,0,1,3,0
Journal of Jesuit Studies,Brill,"",Brill,"","","",2214-1324,2214-1332,https://brill.com/view/journals/jjs/jjs-overview.xml,Journal,Article,2019,OA_Gold,Regular,Total_Item_Requests,4,0,0,0,1,3,0
Journal of Jesuit Studies,Brill,"",Brill,"","","",2214-1324,2214-1332,https://brill.com/view/journals/jjs/jjs-overview.xml,Journal,Article,2019,OA_Gold,Regular,Unique_Item_Requests,4,0,0,0,1,3,0
Journal of Jesuit Studies,Brill,"",Brill,"","","",2214-1324,2214-1332,https://brill.com/view/journals/jjs/jjs-overview.xml,Journal,Other,0001,OA_Gold,Regular,Total_Item_Investigations,1,0,0,0,0,1,0
Journal of Jesuit Studies,Brill,"",Brill,"","","",2214-1324,2214-1332,https://brill.com/view/journals/jjs/jjs-overview.xml,Journal,Article,2017,OA_Gold,Regular,Total_Item_Investigations,3,0,0,0,0,3,0
Journal of Jesuit Studies,Brill,"",Brill,"","","",2214-1324,2214-1332,https://brill.com/view/journals/jjs/jjs-overview.xml,Journal,Article,2020,OA_Gold,Regular,Total_Item_Investigations,2,0,0,0,0,2,0
Journal of Jesuit Studies,Brill,"",Brill,"","","",2214-1324,2214-1332,https://brill.com/view/journals/jjs/jjs-overview.xml,Journal,Other,0001,OA_Gold,Regular,Unique_Item_Investigations,1,0,0,0,0,1,0
Journal of Jesuit Studies,Brill,"",Brill,"","","",2214-1324,2214-1332,https://brill.com/view/journals/jjs/jjs-overview.xml,Journal,Article,2017,OA_Gold,Regular,Unique_Item_Investigations,1,0,0,0,0,1,0
Journal of Jesuit Studies,Brill,"",Brill,"","","",2214-1324,2214-1332,https://brill.com/view/journals/jjs/jjs-overview.xml,Journal,Article,2020,OA_Gold,Regular,Unique_Item_Investigations,1,0,0,0,0,1,0
Journal of Jesuit Studies,Brill,"",Brill,"","","",2214-1324,2214-1332,https://brill.com/view/journals/jjs/jjs-overview.xml,Journal,Article,2017,OA_Gold,Regular,Total_Item_Requests,2,0,0,0,0,2,0
Journal of Jesuit Studies,Brill,"",Brill,"","","",2214-1324,2214-1332,https://brill.com/view/journals/jjs/jjs-overview.xml,Journal,Article,2020,OA_Gold,Regular,Total_Item_Requests,1,0,0,0,0,1,0
Journal of Jesuit Studies,Brill,"",Brill,"","","",2214-1324,2214-1332,https://brill.com/view/journals/jjs/jjs-overview.xml,Journal,Article,2017,OA_Gold,Regular,Unique_Item_Requests,1,0,0,0,0,1,0
Journal of Jesuit Studies,Brill,"",Brill,"","","",2214-1324,2214-1332,https://brill.com/view/journals/jjs/jjs-overview.xml,Journal,Article,2020,OA_Gold,Regular,Unique_Item_Requests,1,0,0,0,0,1,0
Literature and Racial Ambiguity,Brill,"",Brill,10.1163/9789004334229,"",978-90-04-33422-9,"","",https://brill.com/view/title/30582,Book,Book,2002,Controlled,Regular,No_License,2,0,0,0,0,2,0
Literature and Racial Ambiguity,Brill,"",Brill,10.1163/9789004334229,"",978-90-04-33422-9,"","",https://brill.com/view/title/30582,Book,"",2002,Controlled,Regular,Unique_Title_Investigations,2,0,0,0,0,2,0
Literature and Racial Ambiguity,Brill,"",Brill,10.1163/9789004334229,"",978-90-04-33422-9,"","",https://brill.com/view/title/30582,Book,Chapter,2002,Controlled,Regular,Total_Item_Investigations,4,0,0,0,0,4,0
Literature and Racial Ambiguity,Brill,"",Brill,10.1163/9789004334229,"",978-90-04-33422-9,"","",https://brill.com/view/title/30582,Book,Chapter,2002,Controlled,Regular,Unique_Item_Investigations,2,0,0,0,0,2,0
Love in Jeanette Winterson’s Novels,Brill,"",Brill,10.1163/9789042029460,"",978-90-420-2946-0,"","",https://brill.com/view/title/28503,Book,Book,2010,Controlled,Regular,No_License,3,0,0,0,1,2,0
Love in Jeanette Winterson’s Novels,Brill,"",Brill,10.1163/9789042029460,"",978-90-420-2946-0,"","",https://brill.com/view/title/28503,Book,"",2010,Controlled,Regular,Unique_Title_Investigations,2,0,0,0,1,1,0
Love in Jeanette Winterson’s Novels,Brill,"",Brill,10.1163/9789042029460,"",978-90-420-2946-0,"","",https://brill.com/view/title/28503,Book,Chapter,2010,Controlled,Regular,Total_Item_Investigations,3,0,0,0,1,2,0
Love in Jeanette Winterson’s Novels,Brill,"",Brill,10.1163/9789042029460,"",978-90-420-2946-0,"","",https://brill.com/view/title/28503,Book,Chapter,2010,Controlled,Regular,Unique_Item_Investigations,2,0,0,0,1,1,0
Malcolm X,Brill,"",Brill,10.1163/9789004308688,"",978-90-04-30868-8,"","",https://brill.com/view/title/32598,Book,"",2016,Controlled,Regular,Unique_Title_Investigations,2,0,0,2,0,0,0
Malcolm X,Brill,"",Brill,10.1163/9789004308688,"",978-90-04-30868-8,"","",https://brill.com/view/title/32598,Book,"",2016,Controlled,Regular,Unique_Title_Requests,2,0,0,2,0,0,0
Malcolm X,Brill,"",Brill,10.1163/9789004308688,"",978-90-04-30868-8,"","",https://brill.com/view/title/32598,Book,Book,2016,Controlled,Regular,Total_Item_Investigations,3,0,0,3,0,0,0
Malcolm X,Brill,"",Brill,10.1163/9789004308688,"",978-90-04-30868-8,"","",https://brill.com/view/title/32598,Book,Chapter,2016,Controlled,Regular,Total_Item_Investigations,1,0,0,1,0,0,0
Malcolm X,Brill,"",Brill,10.1163/9789004308688,"",978-90-04-30868-8,"","",https://brill.com/view/title/32598,Book,Book,2016,Controlled,Regular,Unique_Item_Investigations,2,0,0,2,0,0,0
Malcolm X,Brill,"",Brill,10.1163/9789004308688,"",978-90-04-30868-8,"","",https://brill.com/view/title/32598,Book,Chapter,2016,Controlled,Regular,Unique_Item_Investigations,1,0,0,1,0,0,0
Malcolm X,Brill,"",Brill,10.1163/9789004308688,"",978-90-04-30868-8,"","",https://brill.com/view/title/32598,Book,Book,2016,Controlled,Regular,Total_Item_Requests,1,0,0,1,0,0,0
Malcolm X,Brill,"",Brill,10.1163/9789004308688,"",978-90-04-30868-8,"","",https://brill.com/view/title/32598,Book,Chapter,2016,Controlled,Regular,Total_Item_Requests,1,0,0,1,0,0,0
Malcolm X,Brill,"",Brill,10.1163/9789004308688,"",978-90-04-30868-8,"","",https://brill.com/view/title/32598,Book,Book,2016,Controlled,Regular,Unique_Item_Requests,1,0,0,1,0,0,0
Malcolm X,Brill,"",Brill,10.1163/9789004308688,"",978-90-04-30868-8,"","",https://brill.com/view/title/32598,Book,Chapter,2016,Controlled,Regular,Unique_Item_Requests,1,0,0,1,0,0,0
Mechanisms of Exchange,Brill,"",Brill,10.1163/9789004250345,"",978-90-04-25034-5,"","",https://brill.com/view/title/23829,Book,"",2013,Controlled,Regular,Unique_Title_Investigations,1,0,1,0,0,0,0
Mechanisms of Exchange,Brill,"",Brill,10.1163/9789004250345,"",978-90-04-25034-5,"","",https://brill.com/view/title/23829,Book,Book,2013,Controlled,Regular,Total_Item_Investigations,2,0,2,0,0,0,0
Mechanisms of Exchange,Brill,"",Brill,10.1163/9789004250345,"",978-90-04-25034-5,"","",https://brill.com/view/title/23829,Book,Book,2013,Controlled,Regular,Unique_Item_Investigations,1,0,1,0,0,0,0
Medieval Encounters,Brill,"",Brill,"","","",1380-7854,1570-0674,https://brill.com/view/journals/me/me-overview.xml,Journal,Article,2007,Controlled,Regular,Total_Item_Investigations,1,0,0,1,0,0,0
Medieval Encounters,Brill,"",Brill,"","","",1380-7854,1570-0674,https://brill.com/view/journals/me/me-overview.xml,Journal,Article,2007,Controlled,Regular,Unique_Item_Investigations,1,0,0,1,0,0,0
Medieval Encounters,Brill,"",Brill,"","","",1380-7854,1570-0674,https://brill.com/view/journals/me/me-overview.xml,Journal,Article,2007,Controlled,Regular,Total_Item_Requests,1,0,0,1,0,0,0
Medieval Encounters,Brill,"",Brill,"","","",1380-7854,1570-0674,https://brill.com/view/journals/me/me-overview.xml,Journal,Article,2007,Controlled,Regular,Unique_Item_Requests,1,0,0,1,0,0,0
Menschennatur und politische Ordnung,Brill,"",Brill,10.30965/9783846759448,"",978-3-8467-5944-8,"","",https://www.fink.de/view/title/52142,Book,Book,2016,Controlled,Regular,No_License,2,0,0,1,1,0,0
Menschennatur und politische Ordnung,Brill,"",Brill,10.30965/9783846759448,"",978-3-8467-5944-8,"","",https://www.fink.de/view/title/52142,Book,"",2016,Controlled,Regular,Unique_Title_Investigations,2,0,0,1,1,0,0
Menschennatur und politische Ordnung,Brill,"",Brill,10.30965/9783846759448,"",978-3-8467-5944-8,"","",https://www.fink.de/view/title/52142,Book,Chapter,2016,Controlled,Regular,Total_Item_Investigations,2,0,0,1,1,0,0
Menschennatur und politische Ordnung,Brill,"",Brill,10.30965/9783846759448,"",978-3-8467-5944-8,"","",https://www.fink.de/view/title/52142,Book,Chapter,2016,Controlled,Regular,Unique_Item_Investigations,2,0,0,1,1,0,0
Mission Studies,Brill,"",Brill,"","","",0168-9789,1573-3831,https://brill.com/view/journals/mist/mist-overview.xml,Journal,Other,2004,Controlled,Regular,No_License,1,0,0,0,0,1,0
Mission Studies,Brill,"",Brill,"","","",0168-9789,1573-3831,https://brill.com/view/journals/mist/mist-overview.xml,Journal,Article,2004,Controlled,Regular,Total_Item_Investigations,1,0,0,0,0,1,0
Mission Studies,Brill,"",Brill,"","","",0168-9789,1573-3831,https://brill.com/view/journals/mist/mist-overview.xml,Journal,Article,2004,Controlled,Regular,Unique_Item_Investigations,1,0,0,0,0,1,0
Mnemosyne,Brill,"",Brill,"","","",0026-7074,1568-525X,https://brill.com/view/journals/mnem/mnem-overview.xml,Journal,Other,1966,Controlled,Regular,No_License,1,0,0,0,1,0,0
Mnemosyne,Brill,"",Brill,"","","",0026-7074,1568-525X,https://brill.com/view/journals/mnem/mnem-overview.xml,Journal,Other,9999,Controlled,Regular,No_License,9,0,0,0,1,8,0
Mnemosyne,Brill,"",Brill,"","","",0026-7074,1568-525X,https://brill.com/view/journals/mnem/mnem-overview.xml,Journal,Article,1966,Controlled,Regular,Total_Item_Investigations,1,0,0,0,1,0,0
Mnemosyne,Brill,"",Brill,"","","",0026-7074,1568-525X,https://brill.com/view/journals/mnem/mnem-overview.xml,Journal,Article,9999,Controlled,Regular,Total_Item_Investigations,11,0,0,0,1,10,0
Mnemosyne,Brill,"",Brill,"","","",0026-7074,1568-525X,https://brill.com/view/journals/mnem/mnem-overview.xml,Journal,Article,1966,Controlled,Regular,Unique_Item_Investigations,1,0,0,0,1,0,0
Mnemosyne,Brill,"",Brill,"","","",0026-7074,1568-525X,https://brill.com/view/journals/mnem/mnem-overview.xml,Journal,Article,9999,Controlled,Regular,Unique_Item_Investigations,4,0,0,0,1,3,0
Mnemosyne,Brill,"",Brill,"","","",0026-7074,1568-525X,https://brill.com/view/journals/mnem/mnem-overview.xml,Journal,Other,1987,Controlled,Regular,No_License,1,0,0,0,0,1,0
Mnemosyne,Brill,"",Brill,"","","",0026-7074,1568-525X,https://brill.com/view/journals/mnem/mnem-overview.xml,Journal,Other,0001,Controlled,Regular,Total_Item_Investigations,1,0,0,0,0,1,0
Mnemosyne,Brill,"",Brill,"","","",0026-7074,1568-525X,https://brill.com/view/journals/mnem/mnem-overview.xml,Journal,Article,1987,Controlled,Regular,Total_Item_Investigations,1,0,0,0,0,1,0
Mnemosyne,Brill,"",Brill,"","","",0026-7074,1568-525X,https://brill.com/view/journals/mnem/mnem-overview.xml,Journal,Other,9999,Controlled,Regular,Total_Item_Investigations,1,0,0,0,0,1,0
Mnemosyne,Brill,"",Brill,"","","",0026-7074,1568-525X,https://brill.com/view/journals/mnem/mnem-overview.xml,Journal,Other,0001,Controlled,Regular,Unique_Item_Investigations,1,0,0,0,0,1,0
Mnemosyne,Brill,"",Brill,"","","",0026-7074,1568-525X,https://brill.com/view/journals/mnem/mnem-overview.xml,Journal,Article,1987,Controlled,Regular,Unique_Item_Investigations,1,0,0,0,0,1,0
Mnemosyne,Brill,"",Brill,"","","",0026-7074,1568-525X,https://brill.com/view/journals/mnem/mnem-overview.xml,Journal,Other,9999,Controlled,Regular,Unique_Item_Investigations,1,0,0,0,0,1,0
Muqarnas Online,Brill,"",Brill,"","","","",2211-8993,https://brill.com/view/journals/muqj/muqj-overview.xml,Journal,Other,2014,Controlled,Regular,No_License,1,0,1,0,0,0,0
Muqarnas Online,Brill,"",Brill,"","","","",2211-8993,https://brill.com/view/journals/muqj/muqj-overview.xml,Journal,Article,2014,Controlled,Regular,Total_Item_Investigations,1,0,1,0,0,0,0
Muqarnas Online,Brill,"",Brill,"","","","",2211-8993,https://brill.com/view/journals/muqj/muqj-overview.xml,Journal,Article,2014,Controlled,Regular,Unique_Item_Investigations,1,0,1,0,0,0,0
"Muqarnas, Volume 30",Brill,"",Brill,10.1163/9789004256033,"",978-90-04-25603-3,"","",https://brill.com/view/title/24373,Book,"",2013,Controlled,Regular,Unique_Title_Investigations,1,0,1,0,0,0,0
"Muqarnas, Volume 30",Brill,"",Brill,10.1163/9789004256033,"",978-90-04-25603-3,"","",https://brill.com/view/title/24373,Book,Book,2013,Controlled,Regular,Total_Item_Investigations,1,0,1,0,0,0,0
"Muqarnas, Volume 30",Brill,"",Brill,10.1163/9789004256033,"",978-90-04-25603-3,"","",https://brill.com/view/title/24373,Book,Book,2013,Controlled,Regular,Unique_Item_Investigations,1,0,1,0,0,0,0
Museum Archetypes and Collecting in the Ancient World,Brill,"",Brill,10.1163/9789004283480,"",978-90-04-28348-0,"","",https://brill.com/view/title/26692,Book,"",2014,Controlled,Regular,Unique_Title_Investigations,2,0,0,0,0,2,0
Museum Archetypes and Collecting in the Ancient World,Brill,"",Brill,10.1163/9789004283480,"",978-90-04-28348-0,"","",https://brill.com/view/title/26692,Book,Chapter,2014,Controlled,Regular,Total_Item_Investigations,2,0,0,0,0,2,0
Museum Archetypes and Collecting in the Ancient World,Brill,"",Brill,10.1163/9789004283480,"",978-90-04-28348-0,"","",https://brill.com/view/title/26692,Book,Chapter,2014,Controlled,Regular,Unique_Item_Investigations,2,0,0,0,0,2,0
New Aspects of Religion in Ancient Athens,Brill,"",Brill,10.1163/9789004319196,"",978-90-04-31919-6,"","",https://brill.com/view/title/33327,Book,"",2016,Controlled,Regular,Unique_Title_Investigations,2,0,0,2,0,0,0
New Aspects of Religion in Ancient Athens,Brill,"",Brill,10.1163/9789004319196,"",978-90-04-31919-6,"","",https://brill.com/view/title/33327,Book,"",2016,Controlled,Regular,Unique_Title_Requests,2,0,0,2,0,0,0
New Aspects of Religion in Ancient Athens,Brill,"",Brill,10.1163/9789004319196,"",978-90-04-31919-6,"","",https://brill.com/view/title/33327,Book,Book,2016,Controlled,Regular,Total_Item_Investigations,1,0,0,1,0,0,0
New Aspects of Religion in Ancient Athens,Brill,"",Brill,10.1163/9789004319196,"",978-90-04-31919-6,"","",https://brill.com/view/title/33327,Book,Chapter,2016,Controlled,Regular,Total_Item_Investigations,3,0,0,3,0,0,0
New Aspects of Religion in Ancient Athens,Brill,"",Brill,10.1163/9789004319196,"",978-90-04-31919-6,"","",https://brill.com/view/title/33327,Book,Book,2016,Controlled,Regular,Unique_Item_Investigations,1,0,0,1,0,0,0
New Aspects of Religion in Ancient Athens,Brill,"",Brill,10.1163/9789004319196,"",978-90-04-31919-6,"","",https://brill.com/view/title/33327,Book,Chapter,2016,Controlled,Regular,Unique_Item_Investigations,3,0,0,3,0,0,0
New Aspects of Religion in Ancient Athens,Brill,"",Brill,10.1163/9789004319196,"",978-90-04-31919-6,"","",https://brill.com/view/title/33327,Book,Chapter,2016,Controlled,Regular,Total_Item_Requests,3,0,0,3,0,0,0
New Aspects of Religion in Ancient Athens,Brill,"",Brill,10.1163/9789004319196,"",978-90-04-31919-6,"","",https://brill.com/view/title/33327,Book,Chapter,2016,Controlled,Regular,Unique_Item_Requests,3,0,0,3,0,0,0
New West Indian Guide / Nieuwe West-Indische Gids,Brill,"",Brill,"","","",1382-2373,2213-4360,https://brill.com/view/journals/nwig/nwig-overview.xml,Journal,Article,2014,OA_Gold,Regular,Total_Item_Investigations,1,0,0,1,0,0,0
New West Indian Guide / Nieuwe West-Indische Gids,Brill,"",Brill,"","","",1382-2373,2213-4360,https://brill.com/view/journals/nwig/nwig-overview.xml,Journal,Article,2014,OA_Gold,Regular,Unique_Item_Investigations,1,0,0,1,0,0,0
New West Indian Guide / Nieuwe West-Indische Gids,Brill,"",Brill,"","","",1382-2373,2213-4360,https://brill.com/view/journals/nwig/nwig-overview.xml,Journal,Article,2014,OA_Gold,Regular,Total_Item_Requests,1,0,0,1,0,0,0
New West Indian Guide / Nieuwe West-Indische Gids,Brill,"",Brill,"","","",1382-2373,2213-4360,https://brill.com/view/journals/nwig/nwig-overview.xml,Journal,Article,2014,OA_Gold,Regular,Unique_Item_Requests,1,0,0,1,0,0,0
New West Indian Guide / Nieuwe West-Indische Gids,Brill,"",Brill,"","","",1382-2373,2213-4360,https://brill.com/view/journals/nwig/nwig-overview.xml,Journal,Article,2018,OA_Gold,Regular,Total_Item_Investigations,1,0,0,0,1,0,0
New West Indian Guide / Nieuwe West-Indische Gids,Brill,"",Brill,"","","",1382-2373,2213-4360,https://brill.com/view/journals/nwig/nwig-overview.xml,Journal,Article,2018,OA_Gold,Regular,Unique_Item_Investigations,1,0,0,0,1,0,0
New West Indian Guide / Nieuwe West-Indische Gids,Brill,"",Brill,"","","",1382-2373,2213-4360,https://brill.com/view/journals/nwig/nwig-overview.xml,Journal,Article,2018,OA_Gold,Regular,Total_Item_Requests,1,0,0,0,1,0,0
New West Indian Guide / Nieuwe West-Indische Gids,Brill,"",Brill,"","","",1382-2373,2213-4360,https://brill.com/view/journals/nwig/nwig-overview.xml,Journal,Article,2018,OA_Gold,Regular,Unique_Item_Requests,1,0,0,0,1,0,0
Nomadic Modernisms and Diasporic Journeys of Djuna Barnes and Jane Bowles,Brill,"",Brill,10.1163/9789004314436,"",978-90-04-31443-6,"","",https://brill.com/view/title/32947,Book,"",2016,Controlled,Regular,Unique_Title_Investigations,1,0,0,0,1,0,0
Nomadic Modernisms and Diasporic Journeys of Djuna Barnes and Jane Bowles,Brill,"",Brill,10.1163/9789004314436,"",978-90-04-31443-6,"","",https://brill.com/view/title/32947,Book,"",2016,Controlled,Regular,Unique_Title_Requests,1,0,0,0,1,0,0
Nomadic Modernisms and Diasporic Journeys of Djuna Barnes and Jane Bowles,Brill,"",Brill,10.1163/9789004314436,"",978-90-04-31443-6,"","",https://brill.com/view/title/32947,Book,Book,2016,Controlled,Regular,Total_Item_Investigations,2,0,0,0,2,0,0
Nomadic Modernisms and Diasporic Journeys of Djuna Barnes and Jane Bowles,Brill,"",Brill,10.1163/9789004314436,"",978-90-04-31443-6,"","",https://brill.com/view/title/32947,Book,Book,2016,Controlled,Regular,Unique_Item_Investigations,1,0,0,0,1,0,0
Nomadic Modernisms and Diasporic Journeys of Djuna Barnes and Jane Bowles,Brill,"",Brill,10.1163/9789004314436,"",978-90-04-31443-6,"","",https://brill.com/view/title/32947,Book,Book,2016,Controlled,Regular,Total_Item_Requests,1,0,0,0,1,0,0
Nomadic Modernisms and Diasporic Journeys of Djuna Barnes and Jane Bowles,Brill,"",Brill,10.1163/9789004314436,"",978-90-04-31443-6,"","",https://brill.com/view/title/32947,Book,Book,2016,Controlled,Regular,Unique_Item_Requests,1,0,0,0,1,0,0
Novum Testamentum,Brill,"",Brill,"","","",0048-1009,1568-5365,https://brill.com/view/journals/nt/nt-overview.xml,Journal,Other,2019,Controlled,Regular,No_License,2,0,0,0,2,0,0
Novum Testamentum,Brill,"",Brill,"","","",0048-1009,1568-5365,https://brill.com/view/journals/nt/nt-overview.xml,Journal,Other,0001,Controlled,Regular,Total_Item_Investigations,1,0,0,0,1,0,0
Novum Testamentum,Brill,"",Brill,"","","",0048-1009,1568-5365,https://brill.com/view/journals/nt/nt-overview.xml,Journal,Article,2019,Controlled,Regular,Total_Item_Investigations,2,0,0,0,2,0,0
Novum Testamentum,Brill,"",Brill,"","","",0048-1009,1568-5365,https://brill.com/view/journals/nt/nt-overview.xml,Journal,Other,2019,Controlled,Regular,Total_Item_Investigations,1,0,0,0,1,0,0
Novum Testamentum,Brill,"",Brill,"","","",0048-1009,1568-5365,https://brill.com/view/journals/nt/nt-overview.xml,Journal,Other,0001,Controlled,Regular,Unique_Item_Investigations,1,0,0,0,1,0,0
Novum Testamentum,Brill,"",Brill,"","","",0048-1009,1568-5365,https://brill.com/view/journals/nt/nt-overview.xml,Journal,Article,2019,Controlled,Regular,Unique_Item_Investigations,1,0,0,0,1,0,0
Novum Testamentum,Brill,"",Brill,"","","",0048-1009,1568-5365,https://brill.com/view/journals/nt/nt-overview.xml,Journal,Other,2019,Controlled,Regular,Unique_Item_Investigations,1,0,0,0,1,0,0
Numen,Brill,"",Brill,"","","",0029-5973,1568-5276,https://brill.com/view/journals/nu/nu-overview.xml,Journal,Other,1962,Controlled,Regular,No_License,1,0,0,0,1,0,0
Numen,Brill,"",Brill,"","","",0029-5973,1568-5276,https://brill.com/view/journals/nu/nu-overview.xml,Journal,Article,1962,Controlled,Regular,Total_Item_Investigations,1,0,0,0,1,0,0
Numen,Brill,"",Brill,"","","",0029-5973,1568-5276,https://brill.com/view/journals/nu/nu-overview.xml,Journal,Article,1962,Controlled,Regular,Unique_Item_Investigations,1,0,0,0,1,0,0
Numen,Brill,"",Brill,"","","",0029-5973,1568-5276,https://brill.com/view/journals/nu/nu-overview.xml,Journal,Other,1990,Controlled,Regular,No_License,1,0,0,0,0,1,0
Numen,Brill,"",Brill,"","","",0029-5973,1568-5276,https://brill.com/view/journals/nu/nu-overview.xml,Journal,Article,1990,Controlled,Regular,Total_Item_Investigations,2,0,0,0,0,2,0
Numen,Brill,"",Brill,"","","",0029-5973,1568-5276,https://brill.com/view/journals/nu/nu-overview.xml,Journal,Article,1990,Controlled,Regular,Unique_Item_Investigations,1,0,0,0,0,1,0
On Whiteness,Brill,"",Brill,10.1163/9781848881051,"",978-1-84888-105-1,"","",https://brill.com/view/title/54969,Book,Book,2012,Controlled,Regular,No_License,1,0,0,0,0,1,0
On Whiteness,Brill,"",Brill,10.1163/9781848881051,"",978-1-84888-105-1,"","",https://brill.com/view/title/54969,Book,"",2012,Controlled,Regular,Unique_Title_Investigations,1,0,0,0,0,1,0
On Whiteness,Brill,"",Brill,10.1163/9781848881051,"",978-1-84888-105-1,"","",https://brill.com/view/title/54969,Book,Chapter,2012,Controlled,Regular,Total_Item_Investigations,1,0,0,0,0,1,0
On Whiteness,Brill,"",Brill,10.1163/9781848881051,"",978-1-84888-105-1,"","",https://brill.com/view/title/54969,Book,Chapter,2012,Controlled,Regular,Unique_Item_Investigations,1,0,0,0,0,1,0
Oriens,Brill,"",Brill,"","","",0078-6527,1877-8372,https://brill.com/view/journals/orie/orie-overview.xml,Journal,Other,2009,Controlled,Regular,No_License,1,0,1,0,0,0,0
Oriens,Brill,"",Brill,"","","",0078-6527,1877-8372,https://brill.com/view/journals/orie/orie-overview.xml,Journal,Article,2009,Controlled,Regular,Total_Item_Investigations,1,0,1,0,0,0,0
Oriens,Brill,"",Brill,"","","",0078-6527,1877-8372,https://brill.com/view/journals/orie/orie-overview.xml,Journal,Article,2009,Controlled,Regular,Unique_Item_Investigations,1,0,1,0,0,0,0
Ottoman War and Peace,Brill,"",Brill,10.1163/9789004413146,"",978-90-04-41314-6,"","",https://brill.com/view/title/55943,Book,"",2019,Controlled,Regular,Unique_Title_Investigations,1,0,0,0,1,0,0
Ottoman War and Peace,Brill,"",Brill,10.1163/9789004413146,"",978-90-04-41314-6,"","",https://brill.com/view/title/55943,Book,"",2019,Controlled,Regular,Unique_Title_Requests,1,0,0,0,1,0,0
Ottoman War and Peace,Brill,"",Brill,10.1163/9789004413146,"",978-90-04-41314-6,"","",https://brill.com/view/title/55943,Book,Chapter,2019,Controlled,Regular,Total_Item_Investigations,1,0,0,0,1,0,0
Ottoman War and Peace,Brill,"",Brill,10.1163/9789004413146,"",978-90-04-41314-6,"","",https://brill.com/view/title/55943,Book,Chapter,2019,Controlled,Regular,Unique_Item_Investigations,1,0,0,0,1,0,0
Ottoman War and Peace,Brill,"",Brill,10.1163/9789004413146,"",978-90-04-41314-6,"","",https://brill.com/view/title/55943,Book,Chapter,2019,Controlled,Regular,Total_Item_Requests,1,0,0,0,1,0,0
Ottoman War and Peace,Brill,"",Brill,10.1163/9789004413146,"",978-90-04-41314-6,"","",https://brill.com/view/title/55943,Book,Chapter,2019,Controlled,Regular,Unique_Item_Requests,1,0,0,0,1,0,0
Perspectives on Indigenous writing and literacies,Brill,"",Brill,10.1163/9789004298507,"",978-90-04-29850-7,"","",https://brill.com/view/title/31954,Book,"",2019,Controlled,Regular,Unique_Title_Investigations,1,0,0,1,0,0,0
Perspectives on Indigenous writing and literacies,Brill,"",Brill,10.1163/9789004298507,"",978-90-04-29850-7,"","",https://brill.com/view/title/31954,Book,Book,2019,Controlled,Regular,Total_Item_Investigations,1,0,0,1,0,0,0
Perspectives on Indigenous writing and literacies,Brill,"",Brill,10.1163/9789004298507,"",978-90-04-29850-7,"","",https://brill.com/view/title/31954,Book,Book,2019,Controlled,Regular,Unique_Item_Investigations,1,0,0,1,0,0,0
Pneuma,Brill,"",Brill,"","","",0272-0965,1570-0747,https://brill.com/view/journals/pneu/pneu-overview.xml,Journal,Other,1994,Controlled,Regular,No_License,1,0,0,0,0,1,0
Pneuma,Brill,"",Brill,"","","",0272-0965,1570-0747,https://brill.com/view/journals/pneu/pneu-overview.xml,Journal,Article,1994,Controlled,Regular,Total_Item_Investigations,1,0,0,0,0,1,0
Pneuma,Brill,"",Brill,"","","",0272-0965,1570-0747,https://brill.com/view/journals/pneu/pneu-overview.xml,Journal,Article,1994,Controlled,Regular,Unique_Item_Investigations,1,0,0,0,0,1,0
Present and Future of Biblical Studies,Brill,"",Brill,10.1163/9789004363540,"",978-90-04-36354-0,"","",https://brill.com/view/title/36349,Book,Book,2018,Controlled,Regular,No_License,3,0,0,3,0,0,0
Present and Future of Biblical Studies,Brill,"",Brill,10.1163/9789004363540,"",978-90-04-36354-0,"","",https://brill.com/view/title/36349,Book,"",2018,Controlled,Regular,Unique_Title_Investigations,1,0,0,1,0,0,0
Present and Future of Biblical Studies,Brill,"",Brill,10.1163/9789004363540,"",978-90-04-36354-0,"","",https://brill.com/view/title/36349,Book,Chapter,2018,Controlled,Regular,Total_Item_Investigations,3,0,0,3,0,0,0
Present and Future of Biblical Studies,Brill,"",Brill,10.1163/9789004363540,"",978-90-04-36354-0,"","",https://brill.com/view/title/36349,Book,Chapter,2018,Controlled,Regular,Unique_Item_Investigations,1,0,0,1,0,0,0
Qumranica Minora I,Brill,"",Brill,10.1163/ej.9789004155695.i-326,"",978-90-47-41909-9,"","",https://brill.com/view/title/13271,Book,Book,2007,Controlled,Regular,No_License,2,0,0,0,2,0,0
Qumranica Minora I,Brill,"",Brill,10.1163/ej.9789004155695.i-326,"",978-90-47-41909-9,"","",https://brill.com/view/title/13271,Book,"",2007,Controlled,Regular,Unique_Title_Investigations,1,0,0,0,1,0,0
Qumranica Minora I,Brill,"",Brill,10.1163/ej.9789004155695.i-326,"",978-90-47-41909-9,"","",https://brill.com/view/title/13271,Book,Chapter,2007,Controlled,Regular,Total_Item_Investigations,2,0,0,0,2,0,0
Qumranica Minora I,Brill,"",Brill,10.1163/ej.9789004155695.i-326,"",978-90-47-41909-9,"","",https://brill.com/view/title/13271,Book,Chapter,2007,Controlled,Regular,Unique_Item_Investigations,1,0,0,0,1,0,0
Russia: From Proletarian Revolution to State-Capitalist Counter-Revolution,Brill,"",Brill,10.1163/9789004347618,"",978-90-04-34761-8,"","",https://brill.com/view/title/33565,Book,"",2017,Controlled,Regular,Unique_Title_Investigations,1,0,1,0,0,0,0
Russia: From Proletarian Revolution to State-Capitalist Counter-Revolution,Brill,"",Brill,10.1163/9789004347618,"",978-90-04-34761-8,"","",https://brill.com/view/title/33565,Book,Book,2017,Controlled,Regular,Total_Item_Investigations,2,0,2,0,0,0,0
Russia: From Proletarian Revolution to State-Capitalist Counter-Revolution,Brill,"",Brill,10.1163/9789004347618,"",978-90-04-34761-8,"","",https://brill.com/view/title/33565,Book,Book,2017,Controlled,Regular,Unique_Item_Investigations,1,0,1,0,0,0,0
Russian History,Brill,"",Brill,"","","",0094-288X,1876-3316,https://brill.com/view/journals/ruhi/ruhi-overview.xml,Journal,Article,1975,Controlled,Regular,Total_Item_Investigations,1,0,0,1,0,0,0
Russian History,Brill,"",Brill,"","","",0094-288X,1876-3316,https://brill.com/view/journals/ruhi/ruhi-overview.xml,Journal,Article,1975,Controlled,Regular,Unique_Item_Investigations,1,0,0,1,0,0,0
Russian History,Brill,"",Brill,"","","",0094-288X,1876-3316,https://brill.com/view/journals/ruhi/ruhi-overview.xml,Journal,Article,1975,Controlled,Regular,Total_Item_Requests,1,0,0,1,0,0,0
Russian History,Brill,"",Brill,"","","",0094-288X,1876-3316,https://brill.com/view/journals/ruhi/ruhi-overview.xml,Journal,Article,1975,Controlled,Regular,Unique_Item_Requests,1,0,0,1,0,0,0
Sacred Precincts,Brill,"",Brill,10.1163/9789004280229,"",978-90-04-28022-9,"","",https://brill.com/view/title/26570,Book,"",2015,Controlled,Regular,Unique_Title_Investigations,1,0,0,0,0,1,0
Sacred Precincts,Brill,"",Brill,10.1163/9789004280229,"",978-90-04-28022-9,"","",https://brill.com/view/title/26570,Book,Book,2015,Controlled,Regular,Total_Item_Investigations,1,0,0,0,0,1,0
Sacred Precincts,Brill,"",Brill,10.1163/9789004280229,"",978-90-04-28022-9,"","",https://brill.com/view/title/26570,Book,Book,2015,Controlled,Regular,Unique_Item_Investigations,1,0,0,0,0,1,0
Satan and Mara,Brill,"",Brill,10.1163/9789004378452,"",978-90-04-37845-2,"","",https://brill.com/view/title/4012,Book,"",1975,Controlled,Regular,Unique_Title_Investigations,2,0,0,0,2,0,0
Satan and Mara,Brill,"",Brill,10.1163/9789004378452,"",978-90-04-37845-2,"","",https://brill.com/view/title/4012,Book,Chapter,1975,Controlled,Regular,Total_Item_Investigations,2,0,0,0,2,0,0
Satan and Mara,Brill,"",Brill,10.1163/9789004378452,"",978-90-04-37845-2,"","",https://brill.com/view/title/4012,Book,Chapter,1975,Controlled,Regular,Unique_Item_Investigations,2,0,0,0,2,0,0
Shahnama Studies III,Brill,"",Brill,10.1163/9789004356252,"",978-90-04-35625-2,"","",https://brill.com/view/title/35892,Book,"",2018,Controlled,Regular,Unique_Title_Investigations,3,0,3,0,0,0,0
Shahnama Studies III,Brill,"",Brill,10.1163/9789004356252,"",978-90-04-35625-2,"","",https://brill.com/view/title/35892,Book,"",2018,Controlled,Regular,Unique_Title_Requests,2,0,2,0,0,0,0
Shahnama Studies III,Brill,"",Brill,10.1163/9789004356252,"",978-90-04-35625-2,"","",https://brill.com/view/title/35892,Book,Book,2018,Controlled,Regular,Total_Item_Investigations,2,0,2,0,0,0,0
Shahnama Studies III,Brill,"",Brill,10.1163/9789004356252,"",978-90-04-35625-2,"","",https://brill.com/view/title/35892,Book,Chapter,2018,Controlled,Regular,Total_Item_Investigations,3,0,3,0,0,0,0
Shahnama Studies III,Brill,"",Brill,10.1163/9789004356252,"",978-90-04-35625-2,"","",https://brill.com/view/title/35892,Book,Book,2018,Controlled,Regular,Unique_Item_Investigations,1,0,1,0,0,0,0
Shahnama Studies III,Brill,"",Brill,10.1163/9789004356252,"",978-90-04-35625-2,"","",https://brill.com/view/title/35892,Book,Chapter,2018,Controlled,Regular,Unique_Item_Investigations,2,0,2,0,0,0,0
Shahnama Studies III,Brill,"",Brill,10.1163/9789004356252,"",978-90-04-35625-2,"","",https://brill.com/view/title/35892,Book,Chapter,2018,Controlled,Regular,Total_Item_Requests,3,0,3,0,0,0,0
Shahnama Studies III,Brill,"",Brill,10.1163/9789004356252,"",978-90-04-35625-2,"","",https://brill.com/view/title/35892,Book,Chapter,2018,Controlled,Regular,Unique_Item_Requests,2,0,2,0,0,0,0
Societies Without Borders,Brill,"",Brill,"","","",1871-8868,"",https://brill.com/view/journals/swb/swb-overview.xml,Journal,Other,2009,Controlled,Regular,No_License,1,0,0,0,1,0,0
Societies Without Borders,Brill,"",Brill,"","","",1871-8868,"",https://brill.com/view/journals/swb/swb-overview.xml,Journal,Article,2009,Controlled,Regular,Total_Item_Investigations,1,0,0,0,1,0,0
Societies Without Borders,Brill,"",Brill,"","","",1871-8868,"",https://brill.com/view/journals/swb/swb-overview.xml,Journal,Article,2009,Controlled,Regular,Unique_Item_Investigations,1,0,0,0,1,0,0
Tenses in Vergil's <i>Aeneid</i>,Brill,"",Brill,10.1163/9789004383258,"",978-90-04-38325-8,"","",https://brill.com/view/title/39219,Book,"",2019,Controlled,Regular,Unique_Title_Investigations,1,0,0,0,1,0,0
Tenses in Vergil's <i>Aeneid</i>,Brill,"",Brill,10.1163/9789004383258,"",978-90-04-38325-8,"","",https://brill.com/view/title/39219,Book,Book,2019,Controlled,Regular,Total_Item_Investigations,1,0,0,0,1,0,0
Tenses in Vergil's <i>Aeneid</i>,Brill,"",Brill,10.1163/9789004383258,"",978-90-04-38325-8,"","",https://brill.com/view/title/39219,Book,Book,2019,Controlled,Regular,Unique_Item_Investigations,1,0,0,0,1,0,0
The Dead Sea Scrolls,Brill,"",Brill,10.1163/ej.9789004167841.i-552,"",978-90-04-19076-4,"","",https://brill.com/view/title/14706,Book,"",2010,Controlled,Regular,Unique_Title_Investigations,1,0,1,0,0,0,0
The Dead Sea Scrolls,Brill,"",Brill,10.1163/ej.9789004167841.i-552,"",978-90-04-19076-4,"","",https://brill.com/view/title/14706,Book,Chapter,2010,Controlled,Regular,Total_Item_Investigations,1,0,1,0,0,0,0
The Dead Sea Scrolls,Brill,"",Brill,10.1163/ej.9789004167841.i-552,"",978-90-04-19076-4,"","",https://brill.com/view/title/14706,Book,Chapter,2010,Controlled,Regular,Unique_Item_Investigations,1,0,1,0,0,0,0
The Finnish Civil War 1918,Brill,"",Brill,10.1163/9789004280717,"",978-90-04-28071-7,"","",https://brill.com/view/title/22853,Book,"",2014,Controlled,Regular,Unique_Title_Investigations,1,0,0,1,0,0,0
The Finnish Civil War 1918,Brill,"",Brill,10.1163/9789004280717,"",978-90-04-28071-7,"","",https://brill.com/view/title/22853,Book,Book,2014,Controlled,Regular,Total_Item_Investigations,1,0,0,1,0,0,0
The Finnish Civil War 1918,Brill,"",Brill,10.1163/9789004280717,"",978-90-04-28071-7,"","",https://brill.com/view/title/22853,Book,Book,2014,Controlled,Regular,Unique_Item_Investigations,1,0,0,1,0,0,0
The Great Recreation,Brill,"",Brill,10.1163/ej.9789004168176.i-718,"",978-90-47-43371-2,"","",https://brill.com/view/title/15135,Book,Book,2008,Controlled,Regular,No_License,1,0,0,0,1,0,0
The Great Recreation,Brill,"",Brill,10.1163/ej.9789004168176.i-718,"",978-90-47-43371-2,"","",https://brill.com/view/title/15135,Book,"",2008,Controlled,Regular,Unique_Title_Investigations,1,0,0,0,1,0,0
The Great Recreation,Brill,"",Brill,10.1163/ej.9789004168176.i-718,"",978-90-47-43371-2,"","",https://brill.com/view/title/15135,Book,Chapter,2008,Controlled,Regular,Total_Item_Investigations,1,0,0,0,1,0,0
The Great Recreation,Brill,"",Brill,10.1163/ej.9789004168176.i-718,"",978-90-47-43371-2,"","",https://brill.com/view/title/15135,Book,Chapter,2008,Controlled,Regular,Unique_Item_Investigations,1,0,0,0,1,0,0
The Mongol Empire between Myth and Reality,Brill,"",Brill,10.1163/9789004280649,"",978-90-04-28064-9,"","",https://brill.com/view/title/14321,Book,Book,2014,Controlled,Regular,No_License,2,0,0,0,0,2,0
The Mongol Empire between Myth and Reality,Brill,"",Brill,10.1163/9789004280649,"",978-90-04-28064-9,"","",https://brill.com/view/title/14321,Book,"",2014,Controlled,Regular,Unique_Title_Investigations,1,0,0,0,0,1,0
The Mongol Empire between Myth and Reality,Brill,"",Brill,10.1163/9789004280649,"",978-90-04-28064-9,"","",https://brill.com/view/title/14321,Book,Chapter,2014,Controlled,Regular,Total_Item_Investigations,2,0,0,0,0,2,0
The Mongol Empire between Myth and Reality,Brill,"",Brill,10.1163/9789004280649,"",978-90-04-28064-9,"","",https://brill.com/view/title/14321,Book,Chapter,2014,Controlled,Regular,Unique_Item_Investigations,1,0,0,0,0,1,0
The Play of Signifiers,Brill,"",Brill,10.1163/9789004326125,"",978-90-04-32612-5,"","",https://brill.com/view/title/33728,Book,"",2016,Controlled,Regular,Unique_Title_Investigations,1,0,0,1,0,0,0
The Play of Signifiers,Brill,"",Brill,10.1163/9789004326125,"",978-90-04-32612-5,"","",https://brill.com/view/title/33728,Book,Book,2016,Controlled,Regular,Total_Item_Investigations,1,0,0,1,0,0,0
The Play of Signifiers,Brill,"",Brill,10.1163/9789004326125,"",978-90-04-32612-5,"","",https://brill.com/view/title/33728,Book,Book,2016,Controlled,Regular,Unique_Item_Investigations,1,0,0,1,0,0,0
The Tradition of Hermes Trismegistus,Brill,"",Brill,10.1163/9789004370845,"",978-90-04-37084-5,"","",https://brill.com/view/title/32034,Book,"",2018,Controlled,Regular,Unique_Title_Investigations,1,0,1,0,0,0,0
The Tradition of Hermes Trismegistus,Brill,"",Brill,10.1163/9789004370845,"",978-90-04-37084-5,"","",https://brill.com/view/title/32034,Book,"",2018,Controlled,Regular,Unique_Title_Requests,1,0,1,0,0,0,0
The Tradition of Hermes Trismegistus,Brill,"",Brill,10.1163/9789004370845,"",978-90-04-37084-5,"","",https://brill.com/view/title/32034,Book,Book,2018,Controlled,Regular,Total_Item_Investigations,2,0,2,0,0,0,0
The Tradition of Hermes Trismegistus,Brill,"",Brill,10.1163/9789004370845,"",978-90-04-37084-5,"","",https://brill.com/view/title/32034,Book,Chapter,2018,Controlled,Regular,Total_Item_Investigations,2,0,2,0,0,0,0
The Tradition of Hermes Trismegistus,Brill,"",Brill,10.1163/9789004370845,"",978-90-04-37084-5,"","",https://brill.com/view/title/32034,Book,Book,2018,Controlled,Regular,Unique_Item_Investigations,1,0,1,0,0,0,0
The Tradition of Hermes Trismegistus,Brill,"",Brill,10.1163/9789004370845,"",978-90-04-37084-5,"","",https://brill.com/view/title/32034,Book,Chapter,2018,Controlled,Regular,Unique_Item_Investigations,1,0,1,0,0,0,0
The Tradition of Hermes Trismegistus,Brill,"",Brill,10.1163/9789004370845,"",978-90-04-37084-5,"","",https://brill.com/view/title/32034,Book,Chapter,2018,Controlled,Regular,Total_Item_Requests,2,0,2,0,0,0,0
The Tradition of Hermes Trismegistus,Brill,"",Brill,10.1163/9789004370845,"",978-90-04-37084-5,"","",https://brill.com/view/title/32034,Book,Chapter,2018,Controlled,Regular,Unique_Item_Requests,1,0,1,0,0,0,0
The Treaties of Carlowitz (1699),Brill,"",Brill,10.1163/9789004414280,"",978-90-04-41428-0,"","",https://brill.com/view/title/55770,Book,"",2020,Controlled,Regular,Unique_Title_Investigations,5,0,0,0,0,5,0
The Treaties of Carlowitz (1699),Brill,"",Brill,10.1163/9789004414280,"",978-90-04-41428-0,"","",https://brill.com/view/title/55770,Book,"",2020,Controlled,Regular,Unique_Title_Requests,3,0,0,0,0,3,0
The Treaties of Carlowitz (1699),Brill,"",Brill,10.1163/9789004414280,"",978-90-04-41428-0,"","",https://brill.com/view/title/55770,Book,Book,2020,Controlled,Regular,Total_Item_Investigations,7,0,0,0,0,7,0
The Treaties of Carlowitz (1699),Brill,"",Brill,10.1163/9789004414280,"",978-90-04-41428-0,"","",https://brill.com/view/title/55770,Book,Book,2020,Controlled,Regular,Unique_Item_Investigations,5,0,0,0,0,5,0
The Treaties of Carlowitz (1699),Brill,"",Brill,10.1163/9789004414280,"",978-90-04-41428-0,"","",https://brill.com/view/title/55770,Book,Book,2020,Controlled,Regular,Total_Item_Requests,3,0,0,0,0,3,0
The Treaties of Carlowitz (1699),Brill,"",Brill,10.1163/9789004414280,"",978-90-04-41428-0,"","",https://brill.com/view/title/55770,Book,Book,2020,Controlled,Regular,Unique_Item_Requests,3,0,0,0,0,3,0
Theatrical Performances in the Ancient World,Brill,"",Brill,"","","","","",https://brill.com/view/title/13593,Book,"",1979,Controlled,Regular,Unique_Title_Investigations,1,0,0,1,0,0,0
Theatrical Performances in the Ancient World,Brill,"",Brill,"","","","","",https://brill.com/view/title/13593,Book,Book,1979,Controlled,Regular,Total_Item_Investigations,1,0,0,1,0,0,0
Theatrical Performances in the Ancient World,Brill,"",Brill,"","","","","",https://brill.com/view/title/13593,Book,Book,1979,Controlled,Regular,Unique_Item_Investigations,1,0,0,1,0,0,0
Tilburg Law Review,Brill,"",Brill,"","","",2211-0046,2211-2596,https://brill.com/view/journals/tilr/tilr-overview.xml,Journal,Other,2015,Controlled,Regular,No_License,2,0,0,0,2,0,0
Tilburg Law Review,Brill,"",Brill,"","","",2211-0046,2211-2596,https://brill.com/view/journals/tilr/tilr-overview.xml,Journal,Article,2015,Controlled,Regular,Total_Item_Investigations,2,0,0,0,2,0,0
Tilburg Law Review,Brill,"",Brill,"","","",2211-0046,2211-2596,https://brill.com/view/journals/tilr/tilr-overview.xml,Journal,Article,2015,Controlled,Regular,Unique_Item_Investigations,1,0,0,0,1,0,0
Treasures of Knowledge: An Inventory of the Ottoman Palace Library (1502/3-1503/4) (2 vols),Brill,"",Brill,10.1163/9789004402508,"",978-90-04-40250-8,"","",https://brill.com/view/title/55202,Book,"",2019,Controlled,Regular,Unique_Title_Investigations,4,0,4,0,0,0,0
Treasures of Knowledge: An Inventory of the Ottoman Palace Library (1502/3-1503/4) (2 vols),Brill,"",Brill,10.1163/9789004402508,"",978-90-04-40250-8,"","",https://brill.com/view/title/55202,Book,"",2019,Controlled,Regular,Unique_Title_Requests,3,0,3,0,0,0,0
Treasures of Knowledge: An Inventory of the Ottoman Palace Library (1502/3-1503/4) (2 vols),Brill,"",Brill,10.1163/9789004402508,"",978-90-04-40250-8,"","",https://brill.com/view/title/55202,Book,Book,2019,Controlled,Regular,Total_Item_Investigations,9,0,9,0,0,0,0
Treasures of Knowledge: An Inventory of the Ottoman Palace Library (1502/3-1503/4) (2 vols),Brill,"",Brill,10.1163/9789004402508,"",978-90-04-40250-8,"","",https://brill.com/view/title/55202,Book,Chapter,2019,Controlled,Regular,Total_Item_Investigations,4,0,4,0,0,0,0
Treasures of Knowledge: An Inventory of the Ottoman Palace Library (1502/3-1503/4) (2 vols),Brill,"",Brill,10.1163/9789004402508,"",978-90-04-40250-8,"","",https://brill.com/view/title/55202,Book,Book,2019,Controlled,Regular,Unique_Item_Investigations,4,0,4,0,0,0,0
Treasures of Knowledge: An Inventory of the Ottoman Palace Library (1502/3-1503/4) (2 vols),Brill,"",Brill,10.1163/9789004402508,"",978-90-04-40250-8,"","",https://brill.com/view/title/55202,Book,Chapter,2019,Controlled,Regular,Unique_Item_Investigations,2,0,2,0,0,0,0
Treasures of Knowledge: An Inventory of the Ottoman Palace Library (1502/3-1503/4) (2 vols),Brill,"",Brill,10.1163/9789004402508,"",978-90-04-40250-8,"","",https://brill.com/view/title/55202,Book,Book,2019,Controlled,Regular,Total_Item_Requests,2,0,2,0,0,0,0
Treasures of Knowledge: An Inventory of the Ottoman Palace Library (1502/3-1503/4) (2 vols),Brill,"",Brill,10.1163/9789004402508,"",978-90-04-40250-8,"","",https://brill.com/view/title/55202,Book,Chapter,2019,Controlled,Regular,Total_Item_Requests,4,0,4,0,0,0,0
Treasures of Knowledge: An Inventory of the Ottoman Palace Library (1502/3-1503/4) (2 vols),Brill,"",Brill,10.1163/9789004402508,"",978-90-04-40250-8,"","",https://brill.com/view/title/55202,Book,Book,2019,Controlled,Regular,Unique_Item_Requests,2,0,2,0,0,0,0
Treasures of Knowledge: An Inventory of the Ottoman Palace Library (1502/3-1503/4) (2 vols),Brill,"",Brill,10.1163/9789004402508,"",978-90-04-40250-8,"","",https://brill.com/view/title/55202,Book,Chapter,2019,Controlled,Regular,Unique_Item_Requests,2,0,2,0,0,0,0
Vergil's agricultural Golden Age,Brill,"",Brill,10.1163/9789004327788,"",978-90-04-32778-8,"","",https://brill.com/view/title/2770,Book,Book,1980,Controlled,Regular,No_License,1,0,0,0,0,1,0
Vergil's agricultural Golden Age,Brill,"",Brill,10.1163/9789004327788,"",978-90-04-32778-8,"","",https://brill.com/view/title/2770,Book,"",1980,Controlled,Regular,Unique_Title_Investigations,1,0,0,0,0,1,0
Vergil's agricultural Golden Age,Brill,"",Brill,10.1163/9789004327788,"",978-90-04-32778-8,"","",https://brill.com/view/title/2770,Book,Chapter,1980,Controlled,Regular,Total_Item_Investigations,2,0,0,0,0,2,0
Vergil's agricultural Golden Age,Brill,"",Brill,10.1163/9789004327788,"",978-90-04-32778-8,"","",https://brill.com/view/title/2770,Book,Chapter,1980,Controlled,Regular,Unique_Item_Investigations,1,0,0,0,0,1,0
Vertriebenendenkmäler,Brill,"",Brill,10.30965/9783657772643,"",978-3-657-77264-3,"","",https://www.schoeningh.de/view/title/51654,Book,Book,2015,Controlled,Regular,No_License,1,0,0,0,0,0,1
Vertriebenendenkmäler,Brill,"",Brill,10.30965/9783657772643,"",978-3-657-77264-3,"","",https://www.schoeningh.de/view/title/51654,Book,"",2015,Controlled,Regular,Unique_Title_Investigations,1,0,0,0,0,0,1
Vertriebenendenkmäler,Brill,"",Brill,10.30965/9783657772643,"",978-3-657-77264-3,"","",https://www.schoeningh.de/view/title/51654,Book,Chapter,2015,Controlled,Regular,Total_Item_Investigations,1,0,0,0,0,0,1
Vertriebenendenkmäler,Brill,"",Brill,10.30965/9783657772643,"",978-3-657-77264-3,"","",https://www.schoeningh.de/view/title/51654,Book,Chapter,2015,Controlled,Regular,Unique_Item_Investigations,1,0,0,0,0,0,1
"War, Warlords, and Interstate Relations in the Ancient Mediterranean",Brill,"",Brill,10.1163/9789004354050,"",978-90-04-35405-0,"","",https://brill.com/view/title/35742,Book,"",2017,Controlled,Regular,Unique_Title_Investigations,1,0,0,1,0,0,0
"War, Warlords, and Interstate Relations in the Ancient Mediterranean",Brill,"",Brill,10.1163/9789004354050,"",978-90-04-35405-0,"","",https://brill.com/view/title/35742,Book,"",2017,Controlled,Regular,Unique_Title_Requests,1,0,0,1,0,0,0
"War, Warlords, and Interstate Relations in the Ancient Mediterranean",Brill,"",Brill,10.1163/9789004354050,"",978-90-04-35405-0,"","",https://brill.com/view/title/35742,Book,Chapter,2017,Controlled,Regular,Total_Item_Investigations,1,0,0,1,0,0,0
"War, Warlords, and Interstate Relations in the Ancient Mediterranean",Brill,"",Brill,10.1163/9789004354050,"",978-90-04-35405-0,"","",https://brill.com/view/title/35742,Book,Chapter,2017,Controlled,Regular,Unique_Item_Investigations,1,0,0,1,0,0,0
"War, Warlords, and Interstate Relations in the Ancient Mediterranean",Brill,"",Brill,10.1163/9789004354050,"",978-90-04-35405-0,"","",https://brill.com/view/title/35742,Book,Chapter,2017,Controlled,Regular,Total_Item_Requests,1,0,0,1,0,0,0
"War, Warlords, and Interstate Relations in the Ancient Mediterranean",Brill,"",Brill,10.1163/9789004354050,"",978-90-04-35405-0,"","",https://brill.com/view/title/35742,Book,Chapter,2017,Controlled,Regular,Unique_Item_Requests,1,0,0,1,0,0,0
Writing/Reading the Bible in Postcolonial Perspective,Brill,"",Brill,10.1163/9789004357679,"",978-90-04-35767-9,"","",https://brill.com/view/title/35970,Book,Book,2017,Controlled,Regular,No_License,2,0,0,0,0,2,0
Writing/Reading the Bible in Postcolonial Perspective,Brill,"",Brill,10.1163/9789004357679,"",978-90-04-35767-9,"","",https://brill.com/view/title/35970,Book,"",2017,Controlled,Regular,Unique_Title_Investigations,2,0,0,0,0,2,0
Writing/Reading the Bible in Postcolonial Perspective,Brill,"",Brill,10.1163/9789004357679,"",978-90-04-35767-9,"","",https://brill.com/view/title/35970,Book,Chapter,2017,Controlled,Regular,Total_Item_Investigations,2,0,0,0,0,2,0
Writing/Reading the Bible in Postcolonial Perspective,Brill,"",Brill,10.1163/9789004357679,"",978-90-04-35767-9,"","",https://brill.com/view/title/35970,Book,Chapter,2017,Controlled,Regular,Unique_Item_Investigations,2,0,0,0,0,2,0
Youth and Age in the Medieval North,Brill,"",Brill,10.1163/ej.9789004170735.i-310,"",978-90-47-42404-8,"","",https://brill.com/view/title/12970,Book,Book,2008,Controlled,Regular,No_License,1,0,0,0,0,1,0
Youth and Age in the Medieval North,Brill,"",Brill,10.1163/ej.9789004170735.i-310,"",978-90-47-42404-8,"","",https://brill.com/view/title/12970,Book,"",2008,Controlled,Regular,Unique_Title_Investigations,1,0,0,0,0,1,0
Youth and Age in the Medieval North,Brill,"",Brill,10.1163/ej.9789004170735.i-310,"",978-90-47-42404-8,"","",https://brill.com/view/title/12970,Book,Chapter,2008,Controlled,Regular,Total_Item_Investigations,2,0,0,0,0,2,0
Youth and Age in the Medieval North,Brill,"",Brill,10.1163/ej.9789004170735.i-310,"",978-90-47-42404-8,"","",https://brill.com/view/title/12970,Book,Chapter,2008,Controlled,Regular,Unique_Item_Investigations,1,0,0,0,0,1,0
