Report_Name,Title Master Report,,,,,,,,,,,,,,,,,,,,,,,,,,,
Report_ID,TR,,,,,,,,,,,,,,,,,,,,,,,,,,,
Release,5,,,,,,,,,,,,,,,,,,,,,,,,,,,
Institution_Name,University of Mary Washington,,,,,,,,,,,,,,,,,,,,,,,,,,,
Institution_ID,degruyter:102452,,,,,,,,,,,,,,,,,,,,,,,,,,,
Metric_Types,,,,,,,,,,,,,,,,,,,,,,,,,,,,
Report_Filters,Data_Type=Book|Journal|Newspaper_or_Newsletter|Other,,,,,,,,,,,,,,,,,,,,,,,,,,,
Report_Attributes,Attributes_To_Show=Data_Type|Access_Method|Access_Type|Section_Type|YOP,,,,,,,,,,,,,,,,,,,,,,,,,,,
Exceptions,,,,,,,,,,,,,,,,,,,,,,,,,,,,
Reporting_Period,Begin_Date=2020-07-01; End_Date=2021-06-30,,,,,,,,,,,,,,,,,,,,,,,,,,,
Created,2022-01-12T07:20:49Z,,,,,,,,,,,,,,,,,,,,,,,,,,,
Created_By,De Gruyter,,,,,,,,,,,,,,,,,,,,,,,,,,,
,,,,,,,,,,,,,,,,,,,,,,,,,,,,
Title,Publisher,Publisher_ID,Platform,DOI,Proprietary_ID,ISBN,Print_ISSN,Online_ISSN,URI,Data_Type,Section_Type,YOP,Access_Type,Access_Method,Metric_Type,Reporting_Period_Total,Jul-2020,Aug-2020,Sep-2020,Oct-2020,Nov-2020,Dec-2020,Jan-2021,Feb-2021,Mar-2021,Apr-2021,May-2021,Jun-2021
AIDS and Accusation,University of California Press,,De Gruyter Platform,10.1525/9780520933026,degruyter:10.1525/9780520933026,978-0-520-93302-6,,,https://www.degruyter.com/document/doi/10.1525/9780520933026/html,Book,Book,2006,Controlled,Regular,No_License,1,0,0,0,0,0,0,0,0,0,1,0,0
Acta Pharmaceutica (acph),Sciendo,,Sciendo,,,,,1846-9558,,Journal,Other,2019,OA_Gold,Regular,Total_Item_Investigations,3,0,0,0,1,2,0,0,0,0,0,0,0
Acta Pharmaceutica (acph),Sciendo,,Sciendo,,,,,1846-9558,,Journal,Other,2019,OA_Gold,Regular,Unique_Item_Investigations,3,0,0,0,1,2,0,0,0,0,0,0,0
Acta Pharmaceutica (acph),Sciendo,,Sciendo,,,,,1846-9558,,Journal,Other,2019,OA_Gold,Regular,Total_Item_Requests,3,0,0,0,1,2,0,0,0,0,0,0,0
Acta Pharmaceutica (acph),Sciendo,,Sciendo,,,,,1846-9558,,Journal,Other,2019,OA_Gold,Regular,Unique_Item_Requests,3,0,0,0,1,2,0,0,0,0,0,0,0
African American Urban History since World War II,University of Chicago Press,,De Gruyter Platform,10.7208/9780226465128,degruyter:10.7208/9780226465128,978-0-226-46512-8,,,https://www.degruyter.com/document/doi/10.7208/9780226465128/html,Book,Book,2009,Controlled,Regular,No_License,1,0,0,0,0,0,0,0,0,0,1,0,0
Analysis of Current Trends in Antisemitism - ACTA,De Gruyter Oldenbourg,,De Gruyter Platform,,degruyter:2568_9347,,,2568-9347,https://www.degruyter.com/journal/issn/2568-9347/html,Journal,Article,2019,Controlled,Regular,Total_Item_Investigations,1,0,0,0,0,0,0,0,0,1,0,0,0
Analysis of Current Trends in Antisemitism - ACTA,De Gruyter Oldenbourg,,De Gruyter Platform,,degruyter:2568_9347,,,2568-9347,https://www.degruyter.com/journal/issn/2568-9347/html,Journal,Article,2019,Controlled,Regular,Unique_Item_Investigations,1,0,0,0,0,0,0,0,0,1,0,0,0
Analysis of Current Trends in Antisemitism - ACTA,De Gruyter Oldenbourg,,De Gruyter Platform,,degruyter:2568_9347,,,2568-9347,https://www.degruyter.com/journal/issn/2568-9347/html,Journal,Article,2019,Controlled,Regular,Total_Item_Requests,1,0,0,0,0,0,0,0,0,1,0,0,0
Analysis of Current Trends in Antisemitism - ACTA,De Gruyter Oldenbourg,,De Gruyter Platform,,degruyter:2568_9347,,,2568-9347,https://www.degruyter.com/journal/issn/2568-9347/html,Journal,Article,2019,Controlled,Regular,Unique_Item_Requests,1,0,0,0,0,0,0,0,0,1,0,0,0
Anglia,De Gruyter,,De Gruyter Platform,,degruyter:1865_8938,,,1865-8938,https://www.degruyter.com/journal/issn/1865-8938/html,Journal,Article,2012,Controlled,Regular,No_License,1,0,0,0,0,0,0,0,0,1,0,0,0
Archiv für Papyrusforschung und verwandte Gebiete,De Gruyter,,De Gruyter Platform,,degruyter:1867_1551,,,1867-1551,https://www.degruyter.com/journal/issn/1867-1551/html,Journal,Article,2014,Controlled,Regular,No_License,4,0,0,0,0,0,0,0,4,0,0,0,0
Archiv für Religionsgeschichte,De Gruyter,,De Gruyter Platform,,degruyter:1868_8888,,,1868-8888,https://www.degruyter.com/journal/issn/1868-8888/html,Journal,Article,2003,Controlled,Regular,No_License,1,0,0,0,0,0,0,0,0,0,0,0,1
Archiv für Religionsgeschichte,De Gruyter,,De Gruyter Platform,,degruyter:1868_8888,,,1868-8888,https://www.degruyter.com/journal/issn/1868-8888/html,Journal,Article,2006,Controlled,Regular,No_License,1,0,0,0,0,0,0,0,1,0,0,0,0
Articulating Hidden Histories,University of California Press,,De Gruyter Platform,10.1525/9780520342774,degruyter:10.1525/9780520342774,978-0-520-34277-4,,,https://www.degruyter.com/document/doi/10.1525/9780520342774/html,Book,Book,1995,Controlled,Regular,No_License,1,0,0,0,0,0,0,0,0,0,1,0,0
Authoring Autism,Duke University Press,,De Gruyter Platform,10.1515/9780822372189,degruyter:10.1515/9780822372189,978-0-8223-7218-9,,,https://www.degruyter.com/document/doi/10.1515/9780822372189/html,Book,Book,2018,Controlled,Regular,No_License,1,0,0,0,0,0,0,0,0,0,1,0,0
Baltic Journal of Law & Politics (bjlp),Sciendo,,Sciendo,,,,,2029-0454,,Journal,Other,2009,OA_Gold,Regular,Total_Item_Investigations,1,0,1,0,0,0,0,0,0,0,0,0,0
Baltic Journal of Law & Politics (bjlp),Sciendo,,Sciendo,,,,,2029-0454,,Journal,Other,2009,OA_Gold,Regular,Unique_Item_Investigations,1,0,1,0,0,0,0,0,0,0,0,0,0
Baltic Journal of Law & Politics (bjlp),Sciendo,,Sciendo,,,,,2029-0454,,Journal,Other,2009,OA_Gold,Regular,Total_Item_Requests,1,0,1,0,0,0,0,0,0,0,0,0,0
Baltic Journal of Law & Politics (bjlp),Sciendo,,Sciendo,,,,,2029-0454,,Journal,Other,2009,OA_Gold,Regular,Unique_Item_Requests,1,0,1,0,0,0,0,0,0,0,0,0,0
Baltic Journal of Law & Politics (bjlp),Sciendo,,Sciendo,,,,,2029-0454,,Journal,Other,2017,OA_Gold,Regular,Total_Item_Investigations,1,0,0,0,1,0,0,0,0,0,0,0,0
Baltic Journal of Law & Politics (bjlp),Sciendo,,Sciendo,,,,,2029-0454,,Journal,Other,2017,OA_Gold,Regular,Unique_Item_Investigations,1,0,0,0,1,0,0,0,0,0,0,0,0
Baltic Journal of Law & Politics (bjlp),Sciendo,,Sciendo,,,,,2029-0454,,Journal,Other,2017,OA_Gold,Regular,Total_Item_Requests,1,0,0,0,1,0,0,0,0,0,0,0,0
Baltic Journal of Law & Politics (bjlp),Sciendo,,Sciendo,,,,,2029-0454,,Journal,Other,2017,OA_Gold,Regular,Unique_Item_Requests,1,0,0,0,1,0,0,0,0,0,0,0,0
Black Political Organizations in the Post-Civil Rights Era,Rutgers University Press,,De Gruyter Platform,10.36019/9780813547015,degruyter:10.36019/9780813547015,978-0-8135-4701-5,,,https://www.degruyter.com/document/doi/10.36019/9780813547015/html,Book,Book,2002,Controlled,Regular,Total_Item_Investigations,3,0,0,0,0,0,0,0,0,3,0,0,0
Black Political Organizations in the Post-Civil Rights Era,Rutgers University Press,,De Gruyter Platform,10.36019/9780813547015,degruyter:10.36019/9780813547015,978-0-8135-4701-5,,,https://www.degruyter.com/document/doi/10.36019/9780813547015/html,Book,Book,2002,Controlled,Regular,Unique_Item_Investigations,2,0,0,0,0,0,0,0,0,2,0,0,0
Black Political Organizations in the Post-Civil Rights Era,Rutgers University Press,,De Gruyter Platform,10.36019/9780813547015,degruyter:10.36019/9780813547015,978-0-8135-4701-5,,,https://www.degruyter.com/document/doi/10.36019/9780813547015/html,Book,Book,2002,Controlled,Regular,Unique_Title_Investigations,1,0,0,0,0,0,0,0,0,1,0,0,0
Black Political Organizations in the Post-Civil Rights Era,Rutgers University Press,,De Gruyter Platform,10.36019/9780813547015,degruyter:10.36019/9780813547015,978-0-8135-4701-5,,,https://www.degruyter.com/document/doi/10.36019/9780813547015/html,Book,Book,2002,Controlled,Regular,Total_Item_Requests,3,0,0,0,0,0,0,0,0,3,0,0,0
Black Political Organizations in the Post-Civil Rights Era,Rutgers University Press,,De Gruyter Platform,10.36019/9780813547015,degruyter:10.36019/9780813547015,978-0-8135-4701-5,,,https://www.degruyter.com/document/doi/10.36019/9780813547015/html,Book,Book,2002,Controlled,Regular,Unique_Item_Requests,2,0,0,0,0,0,0,0,0,2,0,0,0
Black Political Organizations in the Post-Civil Rights Era,Rutgers University Press,,De Gruyter Platform,10.36019/9780813547015,degruyter:10.36019/9780813547015,978-0-8135-4701-5,,,https://www.degruyter.com/document/doi/10.36019/9780813547015/html,Book,Book,2002,Controlled,Regular,Unique_Title_Requests,1,0,0,0,0,0,0,0,0,1,0,0,0
Black Political Organizations in the Post-Civil Rights Era,Rutgers University Press,,De Gruyter Platform,10.36019/9780813547015,degruyter:10.36019/9780813547015,978-0-8135-4701-5,,,https://www.degruyter.com/document/doi/10.36019/9780813547015/html,Book,Book,2002,Controlled,Regular,No_License,4,0,0,0,0,0,0,0,0,4,0,0,0
Characterization of Metamorphism through Mineral Equilibria,De Gruyter,,De Gruyter Platform,10.1515/9781501508172,degruyter:10.1515/9781501508172,978-1-5015-0817-2,,,https://www.degruyter.com/document/doi/10.1515/9781501508172/html,Book,Book,2018,Controlled,Regular,No_License,1,0,0,0,0,0,0,0,0,1,0,0,0
Chemistry Teacher International,De Gruyter,,De Gruyter Platform,,degruyter:2569_3263,,,2569-3263,https://www.degruyter.com/journal/issn/2569-3263/html,Journal,Article,2020,OA_Gold,Regular,Total_Item_Investigations,1,0,0,0,0,0,0,0,1,0,0,0,0
Chemistry Teacher International,De Gruyter,,De Gruyter Platform,,degruyter:2569_3263,,,2569-3263,https://www.degruyter.com/journal/issn/2569-3263/html,Journal,Article,2020,OA_Gold,Regular,Unique_Item_Investigations,1,0,0,0,0,0,0,0,1,0,0,0,0
Chemistry Teacher International,De Gruyter,,De Gruyter Platform,,degruyter:2569_3263,,,2569-3263,https://www.degruyter.com/journal/issn/2569-3263/html,Journal,Article,2020,OA_Gold,Regular,Total_Item_Requests,1,0,0,0,0,0,0,0,1,0,0,0,0
Chemistry Teacher International,De Gruyter,,De Gruyter Platform,,degruyter:2569_3263,,,2569-3263,https://www.degruyter.com/journal/issn/2569-3263/html,Journal,Article,2020,OA_Gold,Regular,Unique_Item_Requests,1,0,0,0,0,0,0,0,1,0,0,0,0
Cities in the Sand,University of Pennsylvania Press,,De Gruyter Platform,10.9783/9781512817881,degruyter:10.9783/9781512817881,978-1-5128-1788-1,,,https://www.degruyter.com/document/doi/10.9783/9781512817881/html,Book,Book,2017,Controlled,Regular,No_License,3,0,0,0,0,0,0,0,0,0,3,0,0
Classic Readings on Monster Theory,"ARC, Amsterdam University Press",,De Gruyter Platform,10.1515/9781942401209,degruyter:10.1515/9781942401209,978-1-942401-20-9,,,https://www.degruyter.com/document/doi/10.1515/9781942401209/html,Book,Book,2018,Controlled,Regular,No_License,1,0,0,0,0,0,0,0,1,0,0,0,0
Comparative Southeast European Studies,De Gruyter Oldenbourg,,De Gruyter Platform,,degruyter:2701_8202,,,2701-8202,https://www.degruyter.com/journal/issn/2701-8202/html,Journal,Article,2016,Controlled,Regular,No_License,2,0,0,0,0,0,0,0,0,2,0,0,0
Cop in the Hood,Princeton University Press,,De Gruyter Platform,10.1515/9781400832262,degruyter:10.1515/9781400832262,978-1-4008-3226-2,,,https://www.degruyter.com/document/doi/10.1515/9781400832262/html,Book,Book,2009,Controlled,Regular,No_License,1,0,0,0,0,0,0,0,0,0,0,1,0
Desegregating the Dollar,New York University Press,,De Gruyter Platform,10.18574/9780814784914,degruyter:10.18574/9780814784914,978-0-8147-8491-4,,,https://www.degruyter.com/document/doi/10.18574/9780814784914/html,Book,Book,1998,Controlled,Regular,No_License,1,0,0,0,0,0,0,0,0,1,0,0,0
Die Reform des juristischen Studiums in Preussen,De Gruyter,,De Gruyter Platform,10.1515/9783111541266,degruyter:10.1515/9783111541266,978-3-11-154126-6,,,https://www.degruyter.com/document/doi/10.1515/9783111541266/html,Book,Book,2016,Controlled,Regular,No_License,1,0,0,0,0,0,0,0,0,1,0,0,0
Disputatio,Sciendo,,Sciendo,,,,,2182-2875,,Journal,Other,2018,OA_Gold,Regular,Total_Item_Investigations,1,0,1,0,0,0,0,0,0,0,0,0,0
Disputatio,Sciendo,,Sciendo,,,,,2182-2875,,Journal,Other,2018,OA_Gold,Regular,Unique_Item_Investigations,1,0,1,0,0,0,0,0,0,0,0,0,0
Disputatio,Sciendo,,Sciendo,,,,,2182-2875,,Journal,Other,2018,OA_Gold,Regular,Total_Item_Requests,1,0,1,0,0,0,0,0,0,0,0,0,0
Disputatio,Sciendo,,Sciendo,,,,,2182-2875,,Journal,Other,2018,OA_Gold,Regular,Unique_Item_Requests,1,0,1,0,0,0,0,0,0,0,0,0,0
Empire for Liberty,Princeton University Press,,De Gruyter Platform,10.1515/9781400834280,degruyter:10.1515/9781400834280,978-1-4008-3428-0,,,https://www.degruyter.com/document/doi/10.1515/9781400834280/html,Book,Book,2010,Controlled,Regular,No_License,1,0,0,0,0,0,0,0,0,1,0,0,0
Episcopal Networks in Late Antiquity,De Gruyter,,De Gruyter Platform,10.1515/9783110553390,degruyter:10.1515/9783110553390,978-3-11-055339-0,,,https://www.degruyter.com/document/doi/10.1515/9783110553390/html,Book,Book,2019,Controlled,Regular,No_License,1,0,0,0,0,0,0,0,0,0,0,0,1
Formalized Mathematics (forma),Sciendo,,Sciendo,,,,,1898-9934,,Journal,Other,2012,OA_Gold,Regular,Total_Item_Investigations,3,0,0,0,1,2,0,0,0,0,0,0,0
Formalized Mathematics (forma),Sciendo,,Sciendo,,,,,1898-9934,,Journal,Other,2012,OA_Gold,Regular,Unique_Item_Investigations,2,0,0,0,1,1,0,0,0,0,0,0,0
Formalized Mathematics (forma),Sciendo,,Sciendo,,,,,1898-9934,,Journal,Other,2012,OA_Gold,Regular,Total_Item_Requests,2,0,0,0,1,1,0,0,0,0,0,0,0
Formalized Mathematics (forma),Sciendo,,Sciendo,,,,,1898-9934,,Journal,Other,2012,OA_Gold,Regular,Unique_Item_Requests,2,0,0,0,1,1,0,0,0,0,0,0,0
Fossil Imprint,Sciendo,,degruyter.com,,,,,2533-4069,,Journal,Other,1893,Controlled,Regular,Total_Item_Investigations,2,0,0,0,0,0,0,2,0,0,0,0,0
Fossil Imprint,Sciendo,,degruyter.com,,,,,2533-4069,,Journal,Other,1893,Controlled,Regular,Unique_Item_Investigations,2,0,0,0,0,0,0,2,0,0,0,0,0
Fossil Imprint,Sciendo,,degruyter.com,,,,,2533-4069,,Journal,Other,1893,Controlled,Regular,No_License,2,0,0,0,0,0,0,2,0,0,0,0,0
Fossil Imprint,Sciendo,,degruyter.com,,,,,2533-4069,,Journal,Other,1913,Controlled,Regular,Total_Item_Investigations,1,0,0,0,0,0,0,1,0,0,0,0,0
Fossil Imprint,Sciendo,,degruyter.com,,,,,2533-4069,,Journal,Other,1913,Controlled,Regular,Unique_Item_Investigations,1,0,0,0,0,0,0,1,0,0,0,0,0
Fossil Imprint,Sciendo,,degruyter.com,,,,,2533-4069,,Journal,Other,1913,Controlled,Regular,No_License,1,0,0,0,0,0,0,1,0,0,0,0,0
Frontiers of Nursing,Sciendo,,Sciendo,,,,,2544-8994,,Journal,Other,2018,OA_Gold,Regular,Total_Item_Investigations,1,0,0,0,1,0,0,0,0,0,0,0,0
Frontiers of Nursing,Sciendo,,Sciendo,,,,,2544-8994,,Journal,Other,2018,OA_Gold,Regular,Unique_Item_Investigations,1,0,0,0,1,0,0,0,0,0,0,0,0
Frontiers of Nursing,Sciendo,,Sciendo,,,,,2544-8994,,Journal,Other,2018,OA_Gold,Regular,Total_Item_Requests,1,0,0,0,1,0,0,0,0,0,0,0,0
Frontiers of Nursing,Sciendo,,Sciendo,,,,,2544-8994,,Journal,Other,2018,OA_Gold,Regular,Unique_Item_Requests,1,0,0,0,1,0,0,0,0,0,0,0,0
Fugitive Testimony,Fordham University Press,,De Gruyter Platform,10.1515/9780823272921,degruyter:10.1515/9780823272921,978-0-8232-7292-1,,,https://www.degruyter.com/document/doi/10.1515/9780823272921/html,Book,Book,2016,Controlled,Regular,No_License,5,0,0,0,0,0,0,0,0,0,5,0,0
GfK Marketing Intelligence Review,Sciendo,,Sciendo,,,,,1865-5866,,Journal,Other,2015,OA_Gold,Regular,Total_Item_Investigations,1,0,0,0,1,0,0,0,0,0,0,0,0
GfK Marketing Intelligence Review,Sciendo,,Sciendo,,,,,1865-5866,,Journal,Other,2015,OA_Gold,Regular,Unique_Item_Investigations,1,0,0,0,1,0,0,0,0,0,0,0,0
GfK Marketing Intelligence Review,Sciendo,,Sciendo,,,,,1865-5866,,Journal,Other,2015,OA_Gold,Regular,Total_Item_Requests,1,0,0,0,1,0,0,0,0,0,0,0,0
GfK Marketing Intelligence Review,Sciendo,,Sciendo,,,,,1865-5866,,Journal,Other,2015,OA_Gold,Regular,Unique_Item_Requests,1,0,0,0,1,0,0,0,0,0,0,0,0
Hacquetia (hacq),Sciendo,,Sciendo,,,,,1854-9829,,Journal,Other,2018,OA_Gold,Regular,Total_Item_Investigations,1,0,0,1,0,0,0,0,0,0,0,0,0
Hacquetia (hacq),Sciendo,,Sciendo,,,,,1854-9829,,Journal,Other,2018,OA_Gold,Regular,Unique_Item_Investigations,1,0,0,1,0,0,0,0,0,0,0,0,0
Hacquetia (hacq),Sciendo,,Sciendo,,,,,1854-9829,,Journal,Other,2018,OA_Gold,Regular,Total_Item_Requests,1,0,0,1,0,0,0,0,0,0,0,0,0
Hacquetia (hacq),Sciendo,,Sciendo,,,,,1854-9829,,Journal,Other,2018,OA_Gold,Regular,Unique_Item_Requests,1,0,0,1,0,0,0,0,0,0,0,0,0
Heimat (9783412502478),BÃ¶hlau Verlag,,degruyter.com,10.7788/9783412502478,,978-3-412-50247-8,,,,Book,Other,2015,Controlled,Regular,Total_Item_Investigations,3,0,0,0,0,0,3,0,0,0,0,0,0
Heimat (9783412502478),BÃ¶hlau Verlag,,degruyter.com,10.7788/9783412502478,,978-3-412-50247-8,,,,Book,Other,2015,Controlled,Regular,Unique_Item_Investigations,3,0,0,0,0,0,3,0,0,0,0,0,0
Heimat (9783412502478),BÃ¶hlau Verlag,,degruyter.com,10.7788/9783412502478,,978-3-412-50247-8,,,,Book,Other,2015,Controlled,Regular,Unique_Title_Investigations,1,0,0,0,0,0,1,0,0,0,0,0,0
Heimat (9783412502478),BÃ¶hlau Verlag,,degruyter.com,10.7788/9783412502478,,978-3-412-50247-8,,,,Book,Other,2015,Controlled,Regular,Total_Item_Requests,1,0,0,0,0,0,1,0,0,0,0,0,0
Heimat (9783412502478),BÃ¶hlau Verlag,,degruyter.com,10.7788/9783412502478,,978-3-412-50247-8,,,,Book,Other,2015,Controlled,Regular,Unique_Item_Requests,1,0,0,0,0,0,1,0,0,0,0,0,0
Heimat (9783412502478),BÃ¶hlau Verlag,,degruyter.com,10.7788/9783412502478,,978-3-412-50247-8,,,,Book,Other,2015,Controlled,Regular,Unique_Title_Requests,1,0,0,0,0,0,1,0,0,0,0,0,0
Heimat (9783412502478),BÃ¶hlau Verlag,,degruyter.com,10.7788/9783412502478,,978-3-412-50247-8,,,,Book,Other,2015,Controlled,Regular,No_License,1,0,0,0,0,0,1,0,0,0,0,0,0
Historische Zeitschrift,De Gruyter Oldenbourg,,De Gruyter Platform,,degruyter:2196_680X,,,2196-680X,https://www.degruyter.com/journal/issn/2196-680X/html,Journal,Article,1957,Controlled,Regular,No_License,1,0,0,0,0,0,0,0,0,1,0,0,0
In Search of a Lost Avant-Garde,University of Chicago Press,,De Gruyter Platform,10.7208/9780226173955,degruyter:10.7208/9780226173955,978-0-226-17395-5,,,https://www.degruyter.com/document/doi/10.7208/9780226173955/html,Book,Book,2021,Controlled,Regular,Total_Item_Investigations,2,0,0,0,0,0,0,0,0,2,0,0,0
In Search of a Lost Avant-Garde,University of Chicago Press,,De Gruyter Platform,10.7208/9780226173955,degruyter:10.7208/9780226173955,978-0-226-17395-5,,,https://www.degruyter.com/document/doi/10.7208/9780226173955/html,Book,Book,2021,Controlled,Regular,Unique_Item_Investigations,2,0,0,0,0,0,0,0,0,2,0,0,0
In Search of a Lost Avant-Garde,University of Chicago Press,,De Gruyter Platform,10.7208/9780226173955,degruyter:10.7208/9780226173955,978-0-226-17395-5,,,https://www.degruyter.com/document/doi/10.7208/9780226173955/html,Book,Book,2021,Controlled,Regular,Unique_Title_Investigations,1,0,0,0,0,0,0,0,0,1,0,0,0
In Search of a Lost Avant-Garde,University of Chicago Press,,De Gruyter Platform,10.7208/9780226173955,degruyter:10.7208/9780226173955,978-0-226-17395-5,,,https://www.degruyter.com/document/doi/10.7208/9780226173955/html,Book,Book,2021,Controlled,Regular,Total_Item_Requests,2,0,0,0,0,0,0,0,0,2,0,0,0
In Search of a Lost Avant-Garde,University of Chicago Press,,De Gruyter Platform,10.7208/9780226173955,degruyter:10.7208/9780226173955,978-0-226-17395-5,,,https://www.degruyter.com/document/doi/10.7208/9780226173955/html,Book,Book,2021,Controlled,Regular,Unique_Item_Requests,2,0,0,0,0,0,0,0,0,2,0,0,0
In Search of a Lost Avant-Garde,University of Chicago Press,,De Gruyter Platform,10.7208/9780226173955,degruyter:10.7208/9780226173955,978-0-226-17395-5,,,https://www.degruyter.com/document/doi/10.7208/9780226173955/html,Book,Book,2021,Controlled,Regular,Unique_Title_Requests,1,0,0,0,0,0,0,0,0,1,0,0,0
Indogermanische Forschungen (indo),De Gruyter,,degruyter.com,,,,0019-7262,1613-0405,,Journal,Other,1893,Controlled,Regular,Total_Item_Investigations,2,0,0,0,0,0,0,2,0,0,0,0,0
Indogermanische Forschungen (indo),De Gruyter,,degruyter.com,,,,0019-7262,1613-0405,,Journal,Other,1893,Controlled,Regular,Unique_Item_Investigations,2,0,0,0,0,0,0,2,0,0,0,0,0
Indogermanische Forschungen (indo),De Gruyter,,degruyter.com,,,,0019-7262,1613-0405,,Journal,Other,1893,Controlled,Regular,No_License,2,0,0,0,0,0,0,2,0,0,0,0,0
Indogermanische Forschungen (indo),De Gruyter,,degruyter.com,,,,0019-7262,1613-0405,,Journal,Other,1913,Controlled,Regular,Total_Item_Investigations,1,0,0,0,0,0,0,1,0,0,0,0,0
Indogermanische Forschungen (indo),De Gruyter,,degruyter.com,,,,0019-7262,1613-0405,,Journal,Other,1913,Controlled,Regular,Unique_Item_Investigations,1,0,0,0,0,0,0,1,0,0,0,0,0
Indogermanische Forschungen (indo),De Gruyter,,degruyter.com,,,,0019-7262,1613-0405,,Journal,Other,1913,Controlled,Regular,No_License,1,0,0,0,0,0,0,1,0,0,0,0,0
Initiation into the Mysteries of the Ancient World,De Gruyter,,De Gruyter Platform,10.1515/9783110299557,degruyter:10.1515/9783110299557,978-3-11-029955-7,,,https://www.degruyter.com/document/doi/10.1515/9783110299557/html,Book,Book,2014,OA_Gold,Regular,Total_Item_Investigations,2,0,0,0,0,0,0,0,0,2,0,0,0
Initiation into the Mysteries of the Ancient World,De Gruyter,,De Gruyter Platform,10.1515/9783110299557,degruyter:10.1515/9783110299557,978-3-11-029955-7,,,https://www.degruyter.com/document/doi/10.1515/9783110299557/html,Book,Book,2014,OA_Gold,Regular,Unique_Item_Investigations,2,0,0,0,0,0,0,0,0,2,0,0,0
Initiation into the Mysteries of the Ancient World,De Gruyter,,De Gruyter Platform,10.1515/9783110299557,degruyter:10.1515/9783110299557,978-3-11-029955-7,,,https://www.degruyter.com/document/doi/10.1515/9783110299557/html,Book,Book,2014,OA_Gold,Regular,Unique_Title_Investigations,2,0,0,0,0,0,0,0,0,2,0,0,0
Initiation into the Mysteries of the Ancient World,De Gruyter,,De Gruyter Platform,10.1515/9783110299557,degruyter:10.1515/9783110299557,978-3-11-029955-7,,,https://www.degruyter.com/document/doi/10.1515/9783110299557/html,Book,Book,2014,OA_Gold,Regular,Total_Item_Requests,2,0,0,0,0,0,0,0,0,2,0,0,0
Initiation into the Mysteries of the Ancient World,De Gruyter,,De Gruyter Platform,10.1515/9783110299557,degruyter:10.1515/9783110299557,978-3-11-029955-7,,,https://www.degruyter.com/document/doi/10.1515/9783110299557/html,Book,Book,2014,OA_Gold,Regular,Unique_Item_Requests,2,0,0,0,0,0,0,0,0,2,0,0,0
Initiation into the Mysteries of the Ancient World,De Gruyter,,De Gruyter Platform,10.1515/9783110299557,degruyter:10.1515/9783110299557,978-3-11-029955-7,,,https://www.degruyter.com/document/doi/10.1515/9783110299557/html,Book,Book,2014,OA_Gold,Regular,Unique_Title_Requests,2,0,0,0,0,0,0,0,0,2,0,0,0
Intercultural Pragmatics,De Gruyter Mouton,,De Gruyter Platform,,degruyter:1613_365X,,,1613-365X,https://www.degruyter.com/journal/issn/1613-365X/html,Journal,Article,2019,Controlled,Regular,No_License,1,0,0,0,0,0,0,0,0,0,1,0,0
International Journal of the Sociology of Language,De Gruyter Mouton,,De Gruyter Platform,,degruyter:1613_3668,,,1613-3668,https://www.degruyter.com/journal/issn/1613-3668/html,Journal,Article,1978,Controlled,Regular,No_License,1,0,0,0,0,0,0,0,0,0,0,1,0
International Journal of the Sociology of Language,De Gruyter Mouton,,De Gruyter Platform,,degruyter:1613_3668,,,1613-3668,https://www.degruyter.com/journal/issn/1613-3668/html,Journal,Article,2008,Controlled,Regular,No_License,8,0,0,0,0,0,0,0,0,0,3,5,0
Interrogating Postfeminism,Duke University Press,,De Gruyter Platform,10.1515/9780822390411,degruyter:10.1515/9780822390411,978-0-8223-9041-1,,,https://www.degruyter.com/document/doi/10.1515/9780822390411/html,Book,Book,2007,Controlled,Regular,No_License,1,0,0,0,0,0,0,0,0,0,1,0,0
Jahrbücher für Nationalökonomie und Statistik,De Gruyter Oldenbourg,,De Gruyter Platform,,degruyter:2366_049X,,,2366-049X,https://www.degruyter.com/journal/issn/2366-049X/html,Journal,Article,2020,Controlled,Regular,No_License,1,0,0,0,0,0,0,0,1,0,0,0,0
Journal of Agricultural & Food Industrial Organization,De Gruyter,,De Gruyter Platform,,degruyter:1542_0485,,,1542-0485,https://www.degruyter.com/journal/issn/1542-0485/html,Journal,Article,2020,Controlled,Regular,Total_Item_Investigations,1,0,0,0,0,0,0,0,1,0,0,0,0
Journal of Agricultural & Food Industrial Organization,De Gruyter,,De Gruyter Platform,,degruyter:1542_0485,,,1542-0485,https://www.degruyter.com/journal/issn/1542-0485/html,Journal,Article,2020,Controlled,Regular,Unique_Item_Investigations,1,0,0,0,0,0,0,0,1,0,0,0,0
Journal of Agricultural & Food Industrial Organization,De Gruyter,,De Gruyter Platform,,degruyter:1542_0485,,,1542-0485,https://www.degruyter.com/journal/issn/1542-0485/html,Journal,Article,2020,Controlled,Regular,Total_Item_Requests,1,0,0,0,0,0,0,0,1,0,0,0,0
Journal of Agricultural & Food Industrial Organization,De Gruyter,,De Gruyter Platform,,degruyter:1542_0485,,,1542-0485,https://www.degruyter.com/journal/issn/1542-0485/html,Journal,Article,2020,Controlled,Regular,Unique_Item_Requests,1,0,0,0,0,0,0,0,1,0,0,0,0
Journal of Homeland Security and Emergency Management,De Gruyter,,De Gruyter Platform,,degruyter:1547_7355,,,1547-7355,https://www.degruyter.com/journal/issn/1547-7355/html,Journal,Article,2021,Controlled,Regular,No_License,1,0,0,0,0,0,0,0,0,0,0,0,1
Journal of Homeland Security and Emergency Management,De Gruyter,,De Gruyter Platform,,degruyter:1547_7355,,,1547-7355,https://www.degruyter.com/journal/issn/1547-7355/html,Journal,Article,2021,OA_Gold,Regular,Total_Item_Investigations,2,0,0,0,0,0,0,0,0,0,0,0,2
Journal of Homeland Security and Emergency Management,De Gruyter,,De Gruyter Platform,,degruyter:1547_7355,,,1547-7355,https://www.degruyter.com/journal/issn/1547-7355/html,Journal,Article,2021,OA_Gold,Regular,Unique_Item_Investigations,1,0,0,0,0,0,0,0,0,0,0,0,1
Journal of Homeland Security and Emergency Management,De Gruyter,,De Gruyter Platform,,degruyter:1547_7355,,,1547-7355,https://www.degruyter.com/journal/issn/1547-7355/html,Journal,Article,2021,OA_Gold,Regular,Total_Item_Requests,2,0,0,0,0,0,0,0,0,0,0,0,2
Journal of Homeland Security and Emergency Management,De Gruyter,,De Gruyter Platform,,degruyter:1547_7355,,,1547-7355,https://www.degruyter.com/journal/issn/1547-7355/html,Journal,Article,2021,OA_Gold,Regular,Unique_Item_Requests,1,0,0,0,0,0,0,0,0,0,0,0,1
Journal of Landscape Ecology (jlecol),Sciendo,,Sciendo,,,,,1805-4196,,Journal,Other,2019,OA_Gold,Regular,Total_Item_Investigations,1,0,0,0,0,1,0,0,0,0,0,0,0
Journal of Landscape Ecology (jlecol),Sciendo,,Sciendo,,,,,1805-4196,,Journal,Other,2019,OA_Gold,Regular,Unique_Item_Investigations,1,0,0,0,0,1,0,0,0,0,0,0,0
Journal of Landscape Ecology (jlecol),Sciendo,,Sciendo,,,,,1805-4196,,Journal,Other,2019,OA_Gold,Regular,Total_Item_Requests,1,0,0,0,0,1,0,0,0,0,0,0,0
Journal of Landscape Ecology (jlecol),Sciendo,,Sciendo,,,,,1805-4196,,Journal,Other,2019,OA_Gold,Regular,Unique_Item_Requests,1,0,0,0,0,1,0,0,0,0,0,0,0
Journal of Language and Cultural Education (jolace),Sciendo,,Sciendo,,,,,1339-4584,,Journal,Other,2016,OA_Gold,Regular,Total_Item_Investigations,1,0,0,1,0,0,0,0,0,0,0,0,0
Journal of Language and Cultural Education (jolace),Sciendo,,Sciendo,,,,,1339-4584,,Journal,Other,2016,OA_Gold,Regular,Unique_Item_Investigations,1,0,0,1,0,0,0,0,0,0,0,0,0
Journal of Language and Cultural Education (jolace),Sciendo,,Sciendo,,,,,1339-4584,,Journal,Other,2016,OA_Gold,Regular,Total_Item_Requests,1,0,0,1,0,0,0,0,0,0,0,0,0
Journal of Language and Cultural Education (jolace),Sciendo,,Sciendo,,,,,1339-4584,,Journal,Other,2016,OA_Gold,Regular,Unique_Item_Requests,1,0,0,1,0,0,0,0,0,0,0,0,0
Journal of Language and Cultural Education (jolace),Sciendo,,Sciendo,,,,,1339-4584,,Journal,Other,2017,OA_Gold,Regular,Total_Item_Investigations,1,0,0,1,0,0,0,0,0,0,0,0,0
Journal of Language and Cultural Education (jolace),Sciendo,,Sciendo,,,,,1339-4584,,Journal,Other,2017,OA_Gold,Regular,Unique_Item_Investigations,1,0,0,1,0,0,0,0,0,0,0,0,0
Journal of Language and Cultural Education (jolace),Sciendo,,Sciendo,,,,,1339-4584,,Journal,Other,2017,OA_Gold,Regular,Total_Item_Requests,1,0,0,1,0,0,0,0,0,0,0,0,0
Journal of Language and Cultural Education (jolace),Sciendo,,Sciendo,,,,,1339-4584,,Journal,Other,2017,OA_Gold,Regular,Unique_Item_Requests,1,0,0,1,0,0,0,0,0,0,0,0,0
Journal of Pediatric Endocrinology and Metabolism,De Gruyter,,De Gruyter Platform,,degruyter:2191_0251,,,2191-0251,https://www.degruyter.com/journal/issn/2191-0251/html,Journal,Article,2016,Controlled,Regular,No_License,1,0,0,0,0,0,0,0,0,0,1,0,0
Journal of Transcultural Medieval Studies,De Gruyter,,De Gruyter Platform,,degruyter:2198_0365,,,2198-0365,https://www.degruyter.com/journal/issn/2198-0365/html,Journal,Article,2017,Controlled,Regular,No_License,1,0,0,0,0,0,0,0,0,0,1,0,0
"Kierkegaard's Writings, VIII, Volume 8",Princeton University Press,,De Gruyter Platform,10.1515/9781400846979,degruyter:10.1515/9781400846979,978-1-4008-4697-9,,,https://www.degruyter.com/document/doi/10.1515/9781400846979/html,Book,Book,2013,Controlled,Regular,No_License,1,0,0,0,0,0,0,0,0,0,1,0,0
Learning from Madness,University of Chicago Press,,degruyter.com,10.7208/9780226556314,,978-0-226-55631-4,,,,Book,Other,2018,Controlled,Regular,Total_Item_Investigations,2,2,0,0,0,0,0,0,0,0,0,0,0
Learning from Madness,University of Chicago Press,,degruyter.com,10.7208/9780226556314,,978-0-226-55631-4,,,,Book,Other,2018,Controlled,Regular,Unique_Item_Investigations,2,2,0,0,0,0,0,0,0,0,0,0,0
Learning from Madness,University of Chicago Press,,degruyter.com,10.7208/9780226556314,,978-0-226-55631-4,,,,Book,Other,2018,Controlled,Regular,Unique_Title_Investigations,2,2,0,0,0,0,0,0,0,0,0,0,0
Leibniz,University of Toronto Press,,De Gruyter Platform,10.3138/9781487579777,degruyter:10.3138/9781487579777,978-1-4875-7977-7,,,https://www.degruyter.com/document/doi/10.3138/9781487579777/html,Book,Book,2020,Controlled,Regular,No_License,1,0,0,0,0,0,0,0,0,1,0,0,0
"Love, Marriage and Family in Eastern Orthodox Perspective",Gorgias Press,,De Gruyter Platform,10.31826/9781463237028,degruyter:10.31826/9781463237028,978-1-4632-3702-8,,,https://www.degruyter.com/document/doi/10.31826/9781463237028/html,Book,Book,2016,Controlled,Regular,No_License,1,0,0,0,0,0,0,0,0,0,1,0,0
Mainframe Experimentalism,University of California Press,,De Gruyter Platform,10.1525/9780520953734,degruyter:10.1525/9780520953734,978-0-520-95373-4,,,https://www.degruyter.com/document/doi/10.1525/9780520953734/html,Book,Book,2012,Controlled,Regular,No_License,2,0,0,0,0,0,0,0,0,0,2,0,0
Management & Marketing (mmcks),Sciendo,,Sciendo,,,,,2069-8887,,Journal,Other,2018,OA_Gold,Regular,Total_Item_Investigations,1,0,0,0,1,0,0,0,0,0,0,0,0
Management & Marketing (mmcks),Sciendo,,Sciendo,,,,,2069-8887,,Journal,Other,2018,OA_Gold,Regular,Unique_Item_Investigations,1,0,0,0,1,0,0,0,0,0,0,0,0
Management & Marketing (mmcks),Sciendo,,Sciendo,,,,,2069-8887,,Journal,Other,2018,OA_Gold,Regular,Total_Item_Requests,1,0,0,0,1,0,0,0,0,0,0,0,0
Management & Marketing (mmcks),Sciendo,,Sciendo,,,,,2069-8887,,Journal,Other,2018,OA_Gold,Regular,Unique_Item_Requests,1,0,0,0,1,0,0,0,0,0,0,0,0
Memories of War,Cornell University Press,,De Gruyter Platform,10.7591/9780801465673,degruyter:10.7591/9780801465673,978-0-8014-6567-3,,,https://www.degruyter.com/document/doi/10.7591/9780801465673/html,Book,Book,2012,Controlled,Regular,No_License,1,0,0,0,0,0,0,0,0,1,0,0,0
Metaphysica,De Gruyter,,De Gruyter Platform,,degruyter:1874_6373,,,1874-6373,https://www.degruyter.com/journal/issn/1874-6373/html,Journal,Article,2015,Controlled,Regular,No_License,2,0,0,0,0,0,0,0,1,1,0,0,0
Multicultural Learning and Teaching,De Gruyter,,De Gruyter Platform,,degruyter:2161_2412,,,2161-2412,https://www.degruyter.com/journal/issn/2161-2412/html,Journal,Article,2020,Controlled,Regular,No_License,3,0,0,0,0,0,0,0,0,3,0,0,0
Multicultural Learning and Teaching (mlt),De Gruyter,,degruyter.com,,,,,2161-2412,,Journal,Other,2017,Controlled,Regular,Total_Item_Investigations,1,0,0,0,0,0,1,0,0,0,0,0,0
Multicultural Learning and Teaching (mlt),De Gruyter,,degruyter.com,,,,,2161-2412,,Journal,Other,2017,Controlled,Regular,Unique_Item_Investigations,1,0,0,0,0,0,1,0,0,0,0,0,0
Multicultural Learning and Teaching (mlt),De Gruyter,,degruyter.com,,,,,2161-2412,,Journal,Other,2017,Controlled,Regular,Total_Item_Requests,1,0,0,0,0,0,1,0,0,0,0,0,0
Multicultural Learning and Teaching (mlt),De Gruyter,,degruyter.com,,,,,2161-2412,,Journal,Other,2017,Controlled,Regular,Unique_Item_Requests,1,0,0,0,0,0,1,0,0,0,0,0,0
Multilingua,De Gruyter Mouton,,De Gruyter Platform,,degruyter:1613_3684,,,1613-3684,https://www.degruyter.com/journal/issn/1613-3684/html,Journal,Article,2020,OA_Gold,Regular,Total_Item_Investigations,1,0,0,0,0,0,0,0,0,0,1,0,0
Multilingua,De Gruyter Mouton,,De Gruyter Platform,,degruyter:1613_3684,,,1613-3684,https://www.degruyter.com/journal/issn/1613-3684/html,Journal,Article,2020,OA_Gold,Regular,Unique_Item_Investigations,1,0,0,0,0,0,0,0,0,0,1,0,0
Multilingua,De Gruyter Mouton,,De Gruyter Platform,,degruyter:1613_3684,,,1613-3684,https://www.degruyter.com/journal/issn/1613-3684/html,Journal,Article,2020,OA_Gold,Regular,Total_Item_Requests,1,0,0,0,0,0,0,0,0,0,1,0,0
Multilingua,De Gruyter Mouton,,De Gruyter Platform,,degruyter:1613_3684,,,1613-3684,https://www.degruyter.com/journal/issn/1613-3684/html,Journal,Article,2020,OA_Gold,Regular,Unique_Item_Requests,1,0,0,0,0,0,0,0,0,0,1,0,0
Multimodal Communication,De Gruyter Mouton,,De Gruyter Platform,,degruyter:2230_6587,,,2230-6587,https://www.degruyter.com/journal/issn/2230-6587/html,Journal,Article,2014,Controlled,Regular,No_License,1,0,0,0,0,0,0,0,1,0,0,0,0
Museums of the World 2020,De Gruyter,,degruyter.com,,,978-3-11-067803-1,,,,Book,Other,2020,Controlled,Regular,Total_Item_Investigations,1,0,0,0,0,0,0,1,0,0,0,0,0
Museums of the World 2020,De Gruyter,,degruyter.com,,,978-3-11-067803-1,,,,Book,Other,2020,Controlled,Regular,Unique_Item_Investigations,1,0,0,0,0,0,0,1,0,0,0,0,0
Museums of the World 2020,De Gruyter,,degruyter.com,,,978-3-11-067803-1,,,,Book,Other,2020,Controlled,Regular,Unique_Title_Investigations,1,0,0,0,0,0,0,1,0,0,0,0,0
Nanophotonics,De Gruyter,,De Gruyter Platform,,degruyter:2192_8614,,,2192-8614,https://www.degruyter.com/journal/issn/2192-8614/html,Journal,Article,2019,OA_Gold,Regular,Total_Item_Investigations,1,0,0,0,0,0,0,0,0,1,0,0,0
Nanophotonics,De Gruyter,,De Gruyter Platform,,degruyter:2192_8614,,,2192-8614,https://www.degruyter.com/journal/issn/2192-8614/html,Journal,Article,2019,OA_Gold,Regular,Unique_Item_Investigations,1,0,0,0,0,0,0,0,0,1,0,0,0
Nanophotonics,De Gruyter,,De Gruyter Platform,,degruyter:2192_8614,,,2192-8614,https://www.degruyter.com/journal/issn/2192-8614/html,Journal,Article,2019,OA_Gold,Regular,Total_Item_Requests,1,0,0,0,0,0,0,0,0,1,0,0,0
Nanophotonics,De Gruyter,,De Gruyter Platform,,degruyter:2192_8614,,,2192-8614,https://www.degruyter.com/journal/issn/2192-8614/html,Journal,Article,2019,OA_Gold,Regular,Unique_Item_Requests,1,0,0,0,0,0,0,0,0,1,0,0,0
Nicht(s) sagen,transcript Verlag,,De Gruyter Platform,10.14361/9783839408285,degruyter:10.14361/9783839408285,978-3-8394-0828-5,,,https://www.degruyter.com/document/doi/10.14361/9783839408285/html,Book,Book,2015,OA_Gold,Regular,Total_Item_Investigations,1,0,0,0,0,0,0,0,0,0,1,0,0
Nicht(s) sagen,transcript Verlag,,De Gruyter Platform,10.14361/9783839408285,degruyter:10.14361/9783839408285,978-3-8394-0828-5,,,https://www.degruyter.com/document/doi/10.14361/9783839408285/html,Book,Book,2015,OA_Gold,Regular,Unique_Item_Investigations,1,0,0,0,0,0,0,0,0,0,1,0,0
Nicht(s) sagen,transcript Verlag,,De Gruyter Platform,10.14361/9783839408285,degruyter:10.14361/9783839408285,978-3-8394-0828-5,,,https://www.degruyter.com/document/doi/10.14361/9783839408285/html,Book,Book,2015,OA_Gold,Regular,Unique_Title_Investigations,1,0,0,0,0,0,0,0,0,0,1,0,0
Nicht(s) sagen,transcript Verlag,,De Gruyter Platform,10.14361/9783839408285,degruyter:10.14361/9783839408285,978-3-8394-0828-5,,,https://www.degruyter.com/document/doi/10.14361/9783839408285/html,Book,Book,2015,OA_Gold,Regular,Total_Item_Requests,1,0,0,0,0,0,0,0,0,0,1,0,0
Nicht(s) sagen,transcript Verlag,,De Gruyter Platform,10.14361/9783839408285,degruyter:10.14361/9783839408285,978-3-8394-0828-5,,,https://www.degruyter.com/document/doi/10.14361/9783839408285/html,Book,Book,2015,OA_Gold,Regular,Unique_Item_Requests,1,0,0,0,0,0,0,0,0,0,1,0,0
Nicht(s) sagen,transcript Verlag,,De Gruyter Platform,10.14361/9783839408285,degruyter:10.14361/9783839408285,978-3-8394-0828-5,,,https://www.degruyter.com/document/doi/10.14361/9783839408285/html,Book,Book,2015,OA_Gold,Regular,Unique_Title_Requests,1,0,0,0,0,0,0,0,0,0,1,0,0
Noise Mapping,De Gruyter Open Access,,De Gruyter Platform,,degruyter:2084_879X,,,2084-879X,https://www.degruyter.com/journal/issn/2084-879X/html,Journal,Article,2019,OA_Gold,Regular,Total_Item_Investigations,5,0,0,0,0,0,0,0,5,0,0,0,0
Noise Mapping,De Gruyter Open Access,,De Gruyter Platform,,degruyter:2084_879X,,,2084-879X,https://www.degruyter.com/journal/issn/2084-879X/html,Journal,Article,2019,OA_Gold,Regular,Unique_Item_Investigations,4,0,0,0,0,0,0,0,4,0,0,0,0
Noise Mapping,De Gruyter Open Access,,De Gruyter Platform,,degruyter:2084_879X,,,2084-879X,https://www.degruyter.com/journal/issn/2084-879X/html,Journal,Article,2019,OA_Gold,Regular,Total_Item_Requests,5,0,0,0,0,0,0,0,5,0,0,0,0
Noise Mapping,De Gruyter Open Access,,De Gruyter Platform,,degruyter:2084_879X,,,2084-879X,https://www.degruyter.com/journal/issn/2084-879X/html,Journal,Article,2019,OA_Gold,Regular,Unique_Item_Requests,4,0,0,0,0,0,0,0,4,0,0,0,0
Nordicom Review,Sciendo,,Sciendo,,,,,2001-5119,,Journal,Other,2019,OA_Gold,Regular,Total_Item_Investigations,3,0,0,0,3,0,0,0,0,0,0,0,0
Nordicom Review,Sciendo,,Sciendo,,,,,2001-5119,,Journal,Other,2019,OA_Gold,Regular,Unique_Item_Investigations,3,0,0,0,3,0,0,0,0,0,0,0,0
Nordicom Review,Sciendo,,Sciendo,,,,,2001-5119,,Journal,Other,2019,OA_Gold,Regular,Total_Item_Requests,3,0,0,0,3,0,0,0,0,0,0,0,0
Nordicom Review,Sciendo,,Sciendo,,,,,2001-5119,,Journal,Other,2019,OA_Gold,Regular,Unique_Item_Requests,3,0,0,0,3,0,0,0,0,0,0,0,0
On Violence,Duke University Press,,De Gruyter Platform,10.1515/9780822390169,degruyter:10.1515/9780822390169,978-0-8223-9016-9,,,https://www.degruyter.com/document/doi/10.1515/9780822390169/html,Book,Book,2007,Controlled,Regular,No_License,1,0,0,0,0,0,0,0,0,1,0,0,0
Open Information Science,De Gruyter Open Access,,De Gruyter Platform,,degruyter:2451_1781,,,2451-1781,https://www.degruyter.com/journal/issn/2451-1781/html,Journal,Article,2020,OA_Gold,Regular,Total_Item_Investigations,3,0,0,0,0,0,0,0,0,0,3,0,0
Open Information Science,De Gruyter Open Access,,De Gruyter Platform,,degruyter:2451_1781,,,2451-1781,https://www.degruyter.com/journal/issn/2451-1781/html,Journal,Article,2020,OA_Gold,Regular,Unique_Item_Investigations,2,0,0,0,0,0,0,0,0,0,2,0,0
Open Information Science,De Gruyter Open Access,,De Gruyter Platform,,degruyter:2451_1781,,,2451-1781,https://www.degruyter.com/journal/issn/2451-1781/html,Journal,Article,2020,OA_Gold,Regular,Total_Item_Requests,3,0,0,0,0,0,0,0,0,0,3,0,0
Open Information Science,De Gruyter Open Access,,De Gruyter Platform,,degruyter:2451_1781,,,2451-1781,https://www.degruyter.com/journal/issn/2451-1781/html,Journal,Article,2020,OA_Gold,Regular,Unique_Item_Requests,2,0,0,0,0,0,0,0,0,0,2,0,0
Open Linguistics,De Gruyter Open Access,,De Gruyter Platform,,degruyter:2300_9969,,,2300-9969,https://www.degruyter.com/journal/issn/2300-9969/html,Journal,Article,2017,OA_Gold,Regular,Total_Item_Investigations,1,0,0,0,0,0,0,0,0,0,1,0,0
Open Linguistics,De Gruyter Open Access,,De Gruyter Platform,,degruyter:2300_9969,,,2300-9969,https://www.degruyter.com/journal/issn/2300-9969/html,Journal,Article,2017,OA_Gold,Regular,Unique_Item_Investigations,1,0,0,0,0,0,0,0,0,0,1,0,0
Open Linguistics,De Gruyter Open Access,,De Gruyter Platform,,degruyter:2300_9969,,,2300-9969,https://www.degruyter.com/journal/issn/2300-9969/html,Journal,Article,2017,OA_Gold,Regular,Total_Item_Requests,1,0,0,0,0,0,0,0,0,0,1,0,0
Open Linguistics,De Gruyter Open Access,,De Gruyter Platform,,degruyter:2300_9969,,,2300-9969,https://www.degruyter.com/journal/issn/2300-9969/html,Journal,Article,2017,OA_Gold,Regular,Unique_Item_Requests,1,0,0,0,0,0,0,0,0,0,1,0,0
Open Linguistics,De Gruyter Open Access,,De Gruyter Platform,,degruyter:2300_9969,,,2300-9969,https://www.degruyter.com/journal/issn/2300-9969/html,Journal,Article,2020,OA_Gold,Regular,Total_Item_Investigations,2,0,0,0,0,0,0,0,2,0,0,0,0
Open Linguistics,De Gruyter Open Access,,De Gruyter Platform,,degruyter:2300_9969,,,2300-9969,https://www.degruyter.com/journal/issn/2300-9969/html,Journal,Article,2020,OA_Gold,Regular,Unique_Item_Investigations,1,0,0,0,0,0,0,0,1,0,0,0,0
Open Linguistics,De Gruyter Open Access,,De Gruyter Platform,,degruyter:2300_9969,,,2300-9969,https://www.degruyter.com/journal/issn/2300-9969/html,Journal,Article,2020,OA_Gold,Regular,Total_Item_Requests,2,0,0,0,0,0,0,0,2,0,0,0,0
Open Linguistics,De Gruyter Open Access,,De Gruyter Platform,,degruyter:2300_9969,,,2300-9969,https://www.degruyter.com/journal/issn/2300-9969/html,Journal,Article,2020,OA_Gold,Regular,Unique_Item_Requests,1,0,0,0,0,0,0,0,1,0,0,0,0
Open Philosophy,De Gruyter Open Access,,De Gruyter Platform,,degruyter:2543_8875,,,2543-8875,https://www.degruyter.com/journal/issn/2543-8875/html,Journal,Article,2020,OA_Gold,Regular,Total_Item_Investigations,2,0,0,0,0,0,0,0,2,0,0,0,0
Open Philosophy,De Gruyter Open Access,,De Gruyter Platform,,degruyter:2543_8875,,,2543-8875,https://www.degruyter.com/journal/issn/2543-8875/html,Journal,Article,2020,OA_Gold,Regular,Unique_Item_Investigations,2,0,0,0,0,0,0,0,2,0,0,0,0
Open Philosophy,De Gruyter Open Access,,De Gruyter Platform,,degruyter:2543_8875,,,2543-8875,https://www.degruyter.com/journal/issn/2543-8875/html,Journal,Article,2020,OA_Gold,Regular,Total_Item_Requests,2,0,0,0,0,0,0,0,2,0,0,0,0
Open Philosophy,De Gruyter Open Access,,De Gruyter Platform,,degruyter:2543_8875,,,2543-8875,https://www.degruyter.com/journal/issn/2543-8875/html,Journal,Article,2020,OA_Gold,Regular,Unique_Item_Requests,2,0,0,0,0,0,0,0,2,0,0,0,0
Open Physics,De Gruyter Open Access,,De Gruyter Platform,,degruyter:2391_5471,,,2391-5471,https://www.degruyter.com/journal/issn/2391-5471/html,Journal,Article,2019,OA_Gold,Regular,Total_Item_Investigations,1,0,0,0,0,0,0,0,0,1,0,0,0
Open Physics,De Gruyter Open Access,,De Gruyter Platform,,degruyter:2391_5471,,,2391-5471,https://www.degruyter.com/journal/issn/2391-5471/html,Journal,Article,2019,OA_Gold,Regular,Unique_Item_Investigations,1,0,0,0,0,0,0,0,0,1,0,0,0
Open Physics,De Gruyter Open Access,,De Gruyter Platform,,degruyter:2391_5471,,,2391-5471,https://www.degruyter.com/journal/issn/2391-5471/html,Journal,Article,2019,OA_Gold,Regular,Total_Item_Requests,1,0,0,0,0,0,0,0,0,1,0,0,0
Open Physics,De Gruyter Open Access,,De Gruyter Platform,,degruyter:2391_5471,,,2391-5471,https://www.degruyter.com/journal/issn/2391-5471/html,Journal,Article,2019,OA_Gold,Regular,Unique_Item_Requests,1,0,0,0,0,0,0,0,0,1,0,0,0
Open Source Archaeology,De Gruyter,,Sciendo,10.1515/9783110440171,,978-3-11-044017-1,,,,Book,Other,2015,OA_Gold,Regular,Total_Item_Investigations,1,0,0,0,1,0,0,0,0,0,0,0,0
Open Source Archaeology,De Gruyter,,Sciendo,10.1515/9783110440171,,978-3-11-044017-1,,,,Book,Other,2015,OA_Gold,Regular,Unique_Item_Investigations,1,0,0,0,1,0,0,0,0,0,0,0,0
Open Source Archaeology,De Gruyter,,Sciendo,10.1515/9783110440171,,978-3-11-044017-1,,,,Book,Other,2015,OA_Gold,Regular,Unique_Title_Investigations,1,0,0,0,1,0,0,0,0,0,0,0,0
Open Source Archaeology,De Gruyter,,Sciendo,10.1515/9783110440171,,978-3-11-044017-1,,,,Book,Other,2015,OA_Gold,Regular,Total_Item_Requests,1,0,0,0,1,0,0,0,0,0,0,0,0
Open Source Archaeology,De Gruyter,,Sciendo,10.1515/9783110440171,,978-3-11-044017-1,,,,Book,Other,2015,OA_Gold,Regular,Unique_Item_Requests,1,0,0,0,1,0,0,0,0,0,0,0,0
Open Source Archaeology,De Gruyter,,Sciendo,10.1515/9783110440171,,978-3-11-044017-1,,,,Book,Other,2015,OA_Gold,Regular,Unique_Title_Requests,1,0,0,0,1,0,0,0,0,0,0,0,0
Paideia: The World of the Second Sophistic,De Gruyter,,De Gruyter Platform,10.1515/9783110204711,degruyter:10.1515/9783110204711,978-3-11-020471-1,,,https://www.degruyter.com/document/doi/10.1515/9783110204711/html,Book,Book,2008,Controlled,Regular,No_License,2,0,0,0,0,0,0,0,0,0,2,0,0
"Peace Economics, Peace Science and Public Policy",De Gruyter,,De Gruyter Platform,,degruyter:1554_8597,,,1554-8597,https://www.degruyter.com/journal/issn/1554-8597/html,Journal,Article,2017,Controlled,Regular,No_License,1,0,0,0,0,0,0,0,1,0,0,0,0
Physical Sciences Reviews,De Gruyter,,De Gruyter Platform,,degruyter:2365_659X,,,2365-659X,https://www.degruyter.com/journal/issn/2365-659X/html,Journal,Article,2017,Controlled,Regular,Total_Item_Investigations,1,0,0,0,0,0,0,0,0,0,1,0,0
Physical Sciences Reviews,De Gruyter,,De Gruyter Platform,,degruyter:2365_659X,,,2365-659X,https://www.degruyter.com/journal/issn/2365-659X/html,Journal,Article,2017,Controlled,Regular,Unique_Item_Investigations,1,0,0,0,0,0,0,0,0,0,1,0,0
Physical Sciences Reviews,De Gruyter,,De Gruyter Platform,,degruyter:2365_659X,,,2365-659X,https://www.degruyter.com/journal/issn/2365-659X/html,Journal,Article,2017,Controlled,Regular,Total_Item_Requests,1,0,0,0,0,0,0,0,0,0,1,0,0
Physical Sciences Reviews,De Gruyter,,De Gruyter Platform,,degruyter:2365_659X,,,2365-659X,https://www.degruyter.com/journal/issn/2365-659X/html,Journal,Article,2017,Controlled,Regular,Unique_Item_Requests,1,0,0,0,0,0,0,0,0,0,1,0,0
Physical Sciences Reviews,De Gruyter,,De Gruyter Platform,,degruyter:2365_659X,,,2365-659X,https://www.degruyter.com/journal/issn/2365-659X/html,Journal,Article,2018,Controlled,Regular,No_License,2,0,0,0,0,0,0,0,2,0,0,0,0
Pragmática Sociocultural / Sociocultural Pragmatics,De Gruyter,,De Gruyter Platform,,degruyter:2194_8313,,,2194-8313,https://www.degruyter.com/journal/issn/2194-8313/html,Journal,Article,2014,OA_Gold,Regular,Total_Item_Investigations,5,0,0,0,0,0,0,0,0,1,2,1,1
Pragmática Sociocultural / Sociocultural Pragmatics,De Gruyter,,De Gruyter Platform,,degruyter:2194_8313,,,2194-8313,https://www.degruyter.com/journal/issn/2194-8313/html,Journal,Article,2014,OA_Gold,Regular,Unique_Item_Investigations,5,0,0,0,0,0,0,0,0,1,2,1,1
Pragmática Sociocultural / Sociocultural Pragmatics,De Gruyter,,De Gruyter Platform,,degruyter:2194_8313,,,2194-8313,https://www.degruyter.com/journal/issn/2194-8313/html,Journal,Article,2014,OA_Gold,Regular,Total_Item_Requests,5,0,0,0,0,0,0,0,0,1,2,1,1
Pragmática Sociocultural / Sociocultural Pragmatics,De Gruyter,,De Gruyter Platform,,degruyter:2194_8313,,,2194-8313,https://www.degruyter.com/journal/issn/2194-8313/html,Journal,Article,2014,OA_Gold,Regular,Unique_Item_Requests,5,0,0,0,0,0,0,0,0,1,2,1,1
Prague Journal of English Studies (pjes),Sciendo,,Sciendo,,,,,2336-2685,,Journal,Other,2015,OA_Gold,Regular,Total_Item_Investigations,2,0,0,0,0,2,0,0,0,0,0,0,0
Prague Journal of English Studies (pjes),Sciendo,,Sciendo,,,,,2336-2685,,Journal,Other,2015,OA_Gold,Regular,Unique_Item_Investigations,2,0,0,0,0,2,0,0,0,0,0,0,0
Prague Journal of English Studies (pjes),Sciendo,,Sciendo,,,,,2336-2685,,Journal,Other,2015,OA_Gold,Regular,Total_Item_Requests,2,0,0,0,0,2,0,0,0,0,0,0,0
Prague Journal of English Studies (pjes),Sciendo,,Sciendo,,,,,2336-2685,,Journal,Other,2015,OA_Gold,Regular,Unique_Item_Requests,2,0,0,0,0,2,0,0,0,0,0,0,0
"Preservation, Digital Technology & Culture (PDT&C)",De Gruyter Saur,,De Gruyter Platform,,degruyter:2195_2965,,,2195-2965,https://www.degruyter.com/journal/issn/2195-2965/html,Journal,Article,2015,Controlled,Regular,No_License,3,0,0,0,0,0,0,0,0,0,3,0,0
Psychology of Language and Communication (plc),Sciendo,,Sciendo,,,,,2083-8506,,Journal,Other,2017,OA_Gold,Regular,Total_Item_Investigations,3,0,0,0,0,3,0,0,0,0,0,0,0
Psychology of Language and Communication (plc),Sciendo,,Sciendo,,,,,2083-8506,,Journal,Other,2017,OA_Gold,Regular,Unique_Item_Investigations,3,0,0,0,0,3,0,0,0,0,0,0,0
Psychology of Language and Communication (plc),Sciendo,,Sciendo,,,,,2083-8506,,Journal,Other,2017,OA_Gold,Regular,Total_Item_Requests,3,0,0,0,0,3,0,0,0,0,0,0,0
Psychology of Language and Communication (plc),Sciendo,,Sciendo,,,,,2083-8506,,Journal,Other,2017,OA_Gold,Regular,Unique_Item_Requests,3,0,0,0,0,3,0,0,0,0,0,0,0
Pure Mathematics and Applications (puma),Sciendo,,Sciendo,,,,,1788-800X,,Journal,Other,2015,OA_Gold,Regular,Total_Item_Investigations,2,0,0,0,2,0,0,0,0,0,0,0,0
Pure Mathematics and Applications (puma),Sciendo,,Sciendo,,,,,1788-800X,,Journal,Other,2015,OA_Gold,Regular,Unique_Item_Investigations,2,0,0,0,2,0,0,0,0,0,0,0,0
Pure and Applied Chemistry,De Gruyter,,De Gruyter Platform,,degruyter:1365_3075,,,1365-3075,https://www.degruyter.com/journal/issn/1365-3075/html,Journal,Article,2020,Controlled,Regular,No_License,1,0,0,0,0,0,0,0,0,0,0,0,1
Queer Art,transcript Verlag,,De Gruyter Platform,10.14361/transcript.9783839416853,degruyter:10.14361/transcript.9783839416853,978-3-8394-1685-3,,,https://www.degruyter.com/document/doi/10.14361/transcript.9783839416853/html,Book,Book,2014,Controlled,Regular,No_License,1,0,0,0,0,0,0,0,0,1,0,0,0
Reading Abstract Expressionism,Yale University Press,,De Gruyter Platform,10.12987/9780300185720,degruyter:10.12987/9780300185720,978-0-300-18572-0,,,https://www.degruyter.com/document/doi/10.12987/9780300185720/html,Book,Book,1991,Controlled,Regular,No_License,1,0,0,0,0,0,0,0,0,1,0,0,0
Remembering Aizu,University of Hawaii Press,,De Gruyter Platform,10.1515/9780824845735,degruyter:10.1515/9780824845735,978-0-8248-4573-5,,,https://www.degruyter.com/document/doi/10.1515/9780824845735/html,Book,Book,1999,Controlled,Regular,No_License,1,0,0,0,0,0,0,0,1,0,0,0,0
Reviews in the Neurosciences,De Gruyter,,De Gruyter Platform,,degruyter:2191_0200,,,2191-0200,https://www.degruyter.com/journal/issn/2191-0200/html,Journal,Article,2007,Controlled,Regular,No_License,2,0,0,0,0,0,0,0,2,0,0,0,0
Reviews in the Neurosciences (revneuro),De Gruyter,,degruyter.com,,,,0334-1763,2191-0200,,Journal,Other,2011,Controlled,Regular,Total_Item_Investigations,1,0,0,0,0,0,0,1,0,0,0,0,0
Reviews in the Neurosciences (revneuro),De Gruyter,,degruyter.com,,,,0334-1763,2191-0200,,Journal,Other,2011,Controlled,Regular,Unique_Item_Investigations,1,0,0,0,0,0,0,1,0,0,0,0,0
Reviews in the Neurosciences (revneuro),De Gruyter,,degruyter.com,,,,0334-1763,2191-0200,,Journal,Other,2011,Controlled,Regular,No_License,1,0,0,0,0,0,0,1,0,0,0,0,0
Reviews in the Neurosciences (revneuro),De Gruyter,,degruyter.com,,,,0334-1763,2191-0200,,Journal,Other,2016,Controlled,Regular,Total_Item_Investigations,1,1,0,0,0,0,0,0,0,0,0,0,0
Reviews in the Neurosciences (revneuro),De Gruyter,,degruyter.com,,,,0334-1763,2191-0200,,Journal,Other,2016,Controlled,Regular,Unique_Item_Investigations,1,1,0,0,0,0,0,0,0,0,0,0,0
Reviews in the Neurosciences (revneuro),De Gruyter,,degruyter.com,,,,0334-1763,2191-0200,,Journal,Other,2016,Controlled,Regular,No_License,1,1,0,0,0,0,0,0,0,0,0,0,0
Reviews on Environmental Health,De Gruyter,,De Gruyter Platform,,degruyter:2191_0308,,,2191-0308,https://www.degruyter.com/journal/issn/2191-0308/html,Journal,Article,2017,Controlled,Regular,No_License,1,0,0,0,0,0,0,0,0,0,1,0,0
Reviews on Environmental Health,De Gruyter,,De Gruyter Platform,,degruyter:2191_0308,,,2191-0308,https://www.degruyter.com/journal/issn/2191-0308/html,Journal,Article,2020,OA_Gold,Regular,Total_Item_Investigations,1,0,0,0,0,0,0,0,1,0,0,0,0
Reviews on Environmental Health,De Gruyter,,De Gruyter Platform,,degruyter:2191_0308,,,2191-0308,https://www.degruyter.com/journal/issn/2191-0308/html,Journal,Article,2020,OA_Gold,Regular,Unique_Item_Investigations,1,0,0,0,0,0,0,0,1,0,0,0,0
Reviews on Environmental Health,De Gruyter,,De Gruyter Platform,,degruyter:2191_0308,,,2191-0308,https://www.degruyter.com/journal/issn/2191-0308/html,Journal,Article,2020,OA_Gold,Regular,Total_Item_Requests,1,0,0,0,0,0,0,0,1,0,0,0,0
Reviews on Environmental Health,De Gruyter,,De Gruyter Platform,,degruyter:2191_0308,,,2191-0308,https://www.degruyter.com/journal/issn/2191-0308/html,Journal,Article,2020,OA_Gold,Regular,Unique_Item_Requests,1,0,0,0,0,0,0,0,1,0,0,0,0
Reviews on Environmental Health,De Gruyter,,De Gruyter Platform,,degruyter:2191_0308,,,2191-0308,https://www.degruyter.com/journal/issn/2191-0308/html,Journal,Article,2021,OA_Gold,Regular,Total_Item_Investigations,2,0,0,0,0,0,0,0,0,2,0,0,0
Reviews on Environmental Health,De Gruyter,,De Gruyter Platform,,degruyter:2191_0308,,,2191-0308,https://www.degruyter.com/journal/issn/2191-0308/html,Journal,Article,2021,OA_Gold,Regular,Unique_Item_Investigations,1,0,0,0,0,0,0,0,0,1,0,0,0
Reviews on Environmental Health,De Gruyter,,De Gruyter Platform,,degruyter:2191_0308,,,2191-0308,https://www.degruyter.com/journal/issn/2191-0308/html,Journal,Article,2021,OA_Gold,Regular,Total_Item_Requests,2,0,0,0,0,0,0,0,0,2,0,0,0
Reviews on Environmental Health,De Gruyter,,De Gruyter Platform,,degruyter:2191_0308,,,2191-0308,https://www.degruyter.com/journal/issn/2191-0308/html,Journal,Article,2021,OA_Gold,Regular,Unique_Item_Requests,1,0,0,0,0,0,0,0,0,1,0,0,0
Romanian Journal of English Studies (RJES),Sciendo,,Sciendo,,,,,2286-0428,,Journal,Other,2017,OA_Gold,Regular,Total_Item_Investigations,1,0,0,0,1,0,0,0,0,0,0,0,0
Romanian Journal of English Studies (RJES),Sciendo,,Sciendo,,,,,2286-0428,,Journal,Other,2017,OA_Gold,Regular,Unique_Item_Investigations,1,0,0,0,1,0,0,0,0,0,0,0,0
Romanian Journal of English Studies (RJES),Sciendo,,Sciendo,,,,,2286-0428,,Journal,Other,2017,OA_Gold,Regular,Total_Item_Requests,1,0,0,0,1,0,0,0,0,0,0,0,0
Romanian Journal of English Studies (RJES),Sciendo,,Sciendo,,,,,2286-0428,,Journal,Other,2017,OA_Gold,Regular,Unique_Item_Requests,1,0,0,0,1,0,0,0,0,0,0,0,0
Romanistisches Jahrbuch (roma),De Gruyter,,degruyter.com,,,,0080-3898,1613-0413,,Journal,Other,2019,Controlled,Regular,Total_Item_Investigations,2,0,0,0,0,0,2,0,0,0,0,0,0
Romanistisches Jahrbuch (roma),De Gruyter,,degruyter.com,,,,0080-3898,1613-0413,,Journal,Other,2019,Controlled,Regular,Unique_Item_Investigations,1,0,0,0,0,0,1,0,0,0,0,0,0
Romanistisches Jahrbuch (roma),De Gruyter,,degruyter.com,,,,0080-3898,1613-0413,,Journal,Other,2019,Controlled,Regular,No_License,2,0,0,0,0,0,2,0,0,0,0,0,0
Scenarios of Power,Princeton University Press,,De Gruyter Platform,10.1515/9781400849697,degruyter:10.1515/9781400849697,978-1-4008-4969-7,,,https://www.degruyter.com/document/doi/10.1515/9781400849697/html,Book,Book,2013,Controlled,Regular,No_License,1,0,0,0,0,0,0,0,0,1,0,0,0
Secularism and Revivalism in Turkey,Yale University Press,,De Gruyter Platform,10.12987/9780300144123,degruyter:10.12987/9780300144123,978-0-300-14412-3,,,https://www.degruyter.com/document/doi/10.12987/9780300144123/html,Book,Book,1998,Controlled,Regular,No_License,2,0,0,0,0,0,0,0,0,0,2,0,0
Semiotica,De Gruyter Mouton,,De Gruyter Platform,,degruyter:1613_3692,,,1613-3692,https://www.degruyter.com/journal/issn/1613-3692/html,Journal,Article,2008,Controlled,Regular,No_License,1,0,0,0,0,0,0,0,0,1,0,0,0
Semiotica,De Gruyter Mouton,,De Gruyter Platform,,degruyter:1613_3692,,,1613-3692,https://www.degruyter.com/journal/issn/1613-3692/html,Journal,Article,2021,Controlled,Regular,Total_Item_Investigations,3,0,0,0,0,0,0,0,0,2,1,0,0
Semiotica,De Gruyter Mouton,,De Gruyter Platform,,degruyter:1613_3692,,,1613-3692,https://www.degruyter.com/journal/issn/1613-3692/html,Journal,Article,2021,Controlled,Regular,Unique_Item_Investigations,3,0,0,0,0,0,0,0,0,2,1,0,0
Semiotica,De Gruyter Mouton,,De Gruyter Platform,,degruyter:1613_3692,,,1613-3692,https://www.degruyter.com/journal/issn/1613-3692/html,Journal,Article,2021,Controlled,Regular,Total_Item_Requests,3,0,0,0,0,0,0,0,0,2,1,0,0
Semiotica,De Gruyter Mouton,,De Gruyter Platform,,degruyter:1613_3692,,,1613-3692,https://www.degruyter.com/journal/issn/1613-3692/html,Journal,Article,2021,Controlled,Regular,Unique_Item_Requests,3,0,0,0,0,0,0,0,0,2,1,0,0
Sexual Discretion,University of Chicago Press,,De Gruyter Platform,10.7208/9780226096674,degruyter:10.7208/9780226096674,978-0-226-09667-4,,,https://www.degruyter.com/document/doi/10.7208/9780226096674/html,Book,Book,2021,Controlled,Regular,No_License,1,0,0,0,0,0,0,0,0,0,1,0,0
Sexual Violence in Conflict Zones,University of Pennsylvania Press,,De Gruyter Platform,10.9783/9780812204346,degruyter:10.9783/9780812204346,978-0-8122-0434-6,,,https://www.degruyter.com/document/doi/10.9783/9780812204346/html,Book,Book,2011,Controlled,Regular,No_License,8,0,0,0,0,0,0,0,0,6,0,2,0
Source of Wisdom,University of Toronto Press,,De Gruyter Platform,10.3138/9781442684812,degruyter:10.3138/9781442684812,978-1-4426-8481-2,,,https://www.degruyter.com/document/doi/10.3138/9781442684812/html,Book,Book,2016,Controlled,Regular,No_License,1,0,0,0,0,0,0,0,0,0,1,0,0
Studies in Spinoza,University of California Press,,De Gruyter Platform,10.1525/9780520319349,degruyter:10.1525/9780520319349,978-0-520-31934-9,,,https://www.degruyter.com/document/doi/10.1525/9780520319349/html,Book,Book,2020,Controlled,Regular,No_License,2,0,0,0,0,0,0,0,0,0,0,2,0
Tatra Mountains Mathematical Publications (tmmp),Sciendo,,Sciendo,,,,,1338-9750,,Journal,Other,2013,OA_Gold,Regular,Total_Item_Investigations,1,0,0,0,0,1,0,0,0,0,0,0,0
Tatra Mountains Mathematical Publications (tmmp),Sciendo,,Sciendo,,,,,1338-9750,,Journal,Other,2013,OA_Gold,Regular,Unique_Item_Investigations,1,0,0,0,0,1,0,0,0,0,0,0,0
Tatra Mountains Mathematical Publications (tmmp),Sciendo,,Sciendo,,,,,1338-9750,,Journal,Other,2013,OA_Gold,Regular,Total_Item_Requests,1,0,0,0,0,1,0,0,0,0,0,0,0
Tatra Mountains Mathematical Publications (tmmp),Sciendo,,Sciendo,,,,,1338-9750,,Journal,Other,2013,OA_Gold,Regular,Unique_Item_Requests,1,0,0,0,0,1,0,0,0,0,0,0,0
Telling Stories Out of Court,Cornell University Press,,De Gruyter Platform,10.7591/9781501724459,degruyter:10.7591/9781501724459,978-1-5017-2445-9,,,https://www.degruyter.com/document/doi/10.7591/9781501724459/html,Book,Book,2018,Controlled,Regular,No_License,2,0,0,0,0,0,0,0,0,0,2,0,0
Text & Talk,De Gruyter Mouton,,De Gruyter Platform,,degruyter:1860_7349,,,1860-7349,https://www.degruyter.com/journal/issn/1860-7349/html,Journal,Article,2010,Controlled,Regular,Total_Item_Investigations,4,0,0,0,0,0,0,0,0,2,0,2,0
Text & Talk,De Gruyter Mouton,,De Gruyter Platform,,degruyter:1860_7349,,,1860-7349,https://www.degruyter.com/journal/issn/1860-7349/html,Journal,Article,2010,Controlled,Regular,Unique_Item_Investigations,4,0,0,0,0,0,0,0,0,2,0,2,0
Text & Talk,De Gruyter Mouton,,De Gruyter Platform,,degruyter:1860_7349,,,1860-7349,https://www.degruyter.com/journal/issn/1860-7349/html,Journal,Article,2010,Controlled,Regular,Total_Item_Requests,4,0,0,0,0,0,0,0,0,2,0,2,0
Text & Talk,De Gruyter Mouton,,De Gruyter Platform,,degruyter:1860_7349,,,1860-7349,https://www.degruyter.com/journal/issn/1860-7349/html,Journal,Article,2010,Controlled,Regular,Unique_Item_Requests,4,0,0,0,0,0,0,0,0,2,0,2,0
Text & Talk,De Gruyter Mouton,,De Gruyter Platform,,degruyter:1860_7349,,,1860-7349,https://www.degruyter.com/journal/issn/1860-7349/html,Journal,Article,2017,Controlled,Regular,Total_Item_Investigations,1,0,0,0,0,0,0,0,0,1,0,0,0
Text & Talk,De Gruyter Mouton,,De Gruyter Platform,,degruyter:1860_7349,,,1860-7349,https://www.degruyter.com/journal/issn/1860-7349/html,Journal,Article,2017,Controlled,Regular,Unique_Item_Investigations,1,0,0,0,0,0,0,0,0,1,0,0,0
Text & Talk,De Gruyter Mouton,,De Gruyter Platform,,degruyter:1860_7349,,,1860-7349,https://www.degruyter.com/journal/issn/1860-7349/html,Journal,Article,2017,Controlled,Regular,Total_Item_Requests,1,0,0,0,0,0,0,0,0,1,0,0,0
Text & Talk,De Gruyter Mouton,,De Gruyter Platform,,degruyter:1860_7349,,,1860-7349,https://www.degruyter.com/journal/issn/1860-7349/html,Journal,Article,2017,Controlled,Regular,Unique_Item_Requests,1,0,0,0,0,0,0,0,0,1,0,0,0
The B.E. Journal of Economic Analysis & Policy,De Gruyter,,De Gruyter Platform,,degruyter:1935_1682,,,1935-1682,https://www.degruyter.com/journal/issn/1935-1682/html,Journal,Article,2011,Controlled,Regular,Total_Item_Investigations,1,0,0,0,0,0,0,0,0,0,1,0,0
The B.E. Journal of Economic Analysis & Policy,De Gruyter,,De Gruyter Platform,,degruyter:1935_1682,,,1935-1682,https://www.degruyter.com/journal/issn/1935-1682/html,Journal,Article,2011,Controlled,Regular,Unique_Item_Investigations,1,0,0,0,0,0,0,0,0,0,1,0,0
The B.E. Journal of Economic Analysis & Policy,De Gruyter,,De Gruyter Platform,,degruyter:1935_1682,,,1935-1682,https://www.degruyter.com/journal/issn/1935-1682/html,Journal,Article,2011,Controlled,Regular,Total_Item_Requests,1,0,0,0,0,0,0,0,0,0,1,0,0
The B.E. Journal of Economic Analysis & Policy,De Gruyter,,De Gruyter Platform,,degruyter:1935_1682,,,1935-1682,https://www.degruyter.com/journal/issn/1935-1682/html,Journal,Article,2011,Controlled,Regular,Unique_Item_Requests,1,0,0,0,0,0,0,0,0,0,1,0,0
The Best American Magazine Writing 2019,Columbia University Press,,De Gruyter Platform,10.7312/asme19001,degruyter:10.7312/asme19001,978-0-231-54866-3,,,https://www.degruyter.com/document/doi/10.7312/asme19001/html,Book,Book,2019,Controlled,Regular,No_License,5,0,0,0,0,0,0,0,0,0,2,0,3
The Chinese and the Iron Road,Stanford University Press,,De Gruyter Platform,10.1515/9781503609259,degruyter:10.1515/9781503609259,978-1-5036-0925-9,,,https://www.degruyter.com/document/doi/10.1515/9781503609259/html,Book,Book,2020,Controlled,Regular,No_License,8,0,0,0,0,0,0,0,0,0,0,8,0
The Collected Dialogues of Plato,Princeton University Press,,De Gruyter Platform,10.1515/9781400835867,degruyter:10.1515/9781400835867,978-1-4008-3586-7,,,https://www.degruyter.com/document/doi/10.1515/9781400835867/html,Book,Book,1961,Controlled,Regular,No_License,1,0,0,0,0,0,0,0,0,0,1,0,0
"The Creation of Iraq, 1914-1921",Columbia University Press,,De Gruyter Platform,10.7312/simo13292,degruyter:10.7312/simo13292,978-0-231-50920-6,,,https://www.degruyter.com/document/doi/10.7312/simo13292/html,Book,Book,2004,Controlled,Regular,No_License,1,0,0,0,0,0,0,0,0,0,0,1,0
The Forum,De Gruyter,,De Gruyter Platform,,degruyter:1540_8884,,,1540-8884,https://www.degruyter.com/journal/issn/1540-8884/html,Journal,Article,2004,Controlled,Regular,No_License,6,0,0,0,0,0,0,0,6,0,0,0,0
The Forum,De Gruyter,,De Gruyter Platform,,degruyter:1540_8884,,,1540-8884,https://www.degruyter.com/journal/issn/1540-8884/html,Journal,Article,2021,Controlled,Regular,No_License,2,0,0,0,0,0,0,0,0,2,0,0,0
The Future of Nature,Yale University Press,,De Gruyter Platform,10.12987/9780300188479,degruyter:10.12987/9780300188479,978-0-300-18847-9,,,https://www.degruyter.com/document/doi/10.12987/9780300188479/html,Book,Book,2013,Controlled,Regular,No_License,1,0,0,0,0,0,0,0,0,1,0,0,0
The Intersection of Work and Family Life,K. G. Saur,,De Gruyter Platform,10.1515/9783110968835,degruyter:10.1515/9783110968835,978-3-11-096883-5,,,https://www.degruyter.com/document/doi/10.1515/9783110968835/html,Book,Book,2013,Controlled,Regular,No_License,1,0,0,0,0,0,0,0,0,1,0,0,0
The Netherlands and Turkey,Gorgias Press,,De Gruyter Platform,10.31826/9781463226022,degruyter:10.31826/9781463226022,978-1-4632-2602-2,,,https://www.degruyter.com/document/doi/10.31826/9781463226022/html,Book,Book,2010,Controlled,Regular,No_License,1,0,0,0,0,0,0,0,0,1,0,0,0
The New Latino Studies Reader,University of California Press,,De Gruyter Platform,10.1525/9780520960510,degruyter:10.1525/9780520960510,978-0-520-96051-0,,,https://www.degruyter.com/document/doi/10.1525/9780520960510/html,Book,Book,2016,Controlled,Regular,No_License,2,0,0,0,0,0,0,0,0,2,0,0,0
The Public Intellectual and the Culture of Hope,University of Toronto Press,,De Gruyter Platform,10.3138/9781442690011,degruyter:10.3138/9781442690011,978-1-4426-9001-1,,,https://www.degruyter.com/document/doi/10.3138/9781442690011/html,Book,Book,2017,Controlled,Regular,No_License,2,0,0,0,0,0,0,0,0,0,2,0,0
The Purpose of Intervention,Cornell University Press,,De Gruyter Platform,10.7591/9780801467073,degruyter:10.7591/9780801467073,978-0-8014-6707-3,,,https://www.degruyter.com/document/doi/10.7591/9780801467073/html,Book,Book,2013,Controlled,Regular,No_License,2,0,0,0,0,0,0,0,0,0,0,2,0
The Queer Art of Failure,Duke University Press,,De Gruyter Platform,10.1515/9780822394358,degruyter:10.1515/9780822394358,978-0-8223-9435-8,,,https://www.degruyter.com/document/doi/10.1515/9780822394358/html,Book,Book,2011,Controlled,Regular,Total_Item_Investigations,1,0,0,0,0,0,0,0,0,1,0,0,0
The Queer Art of Failure,Duke University Press,,De Gruyter Platform,10.1515/9780822394358,degruyter:10.1515/9780822394358,978-0-8223-9435-8,,,https://www.degruyter.com/document/doi/10.1515/9780822394358/html,Book,Book,2011,Controlled,Regular,Unique_Item_Investigations,1,0,0,0,0,0,0,0,0,1,0,0,0
The Queer Art of Failure,Duke University Press,,De Gruyter Platform,10.1515/9780822394358,degruyter:10.1515/9780822394358,978-0-8223-9435-8,,,https://www.degruyter.com/document/doi/10.1515/9780822394358/html,Book,Book,2011,Controlled,Regular,Unique_Title_Investigations,1,0,0,0,0,0,0,0,0,1,0,0,0
The Queer Art of Failure,Duke University Press,,De Gruyter Platform,10.1515/9780822394358,degruyter:10.1515/9780822394358,978-0-8223-9435-8,,,https://www.degruyter.com/document/doi/10.1515/9780822394358/html,Book,Book,2011,Controlled,Regular,Total_Item_Requests,1,0,0,0,0,0,0,0,0,1,0,0,0
The Queer Art of Failure,Duke University Press,,De Gruyter Platform,10.1515/9780822394358,degruyter:10.1515/9780822394358,978-0-8223-9435-8,,,https://www.degruyter.com/document/doi/10.1515/9780822394358/html,Book,Book,2011,Controlled,Regular,Unique_Item_Requests,1,0,0,0,0,0,0,0,0,1,0,0,0
The Queer Art of Failure,Duke University Press,,De Gruyter Platform,10.1515/9780822394358,degruyter:10.1515/9780822394358,978-0-8223-9435-8,,,https://www.degruyter.com/document/doi/10.1515/9780822394358/html,Book,Book,2011,Controlled,Regular,Unique_Title_Requests,1,0,0,0,0,0,0,0,0,1,0,0,0
The Triangle Fire,Cornell University Press,,De Gruyter Platform,10.7591/9780801462511,degruyter:10.7591/9780801462511,978-0-8014-6251-1,,,https://www.degruyter.com/document/doi/10.7591/9780801462511/html,Book,Book,2011,Controlled,Regular,Total_Item_Investigations,1,0,0,0,0,0,0,0,0,0,1,0,0
The Triangle Fire,Cornell University Press,,De Gruyter Platform,10.7591/9780801462511,degruyter:10.7591/9780801462511,978-0-8014-6251-1,,,https://www.degruyter.com/document/doi/10.7591/9780801462511/html,Book,Book,2011,Controlled,Regular,Unique_Item_Investigations,1,0,0,0,0,0,0,0,0,0,1,0,0
The Triangle Fire,Cornell University Press,,De Gruyter Platform,10.7591/9780801462511,degruyter:10.7591/9780801462511,978-0-8014-6251-1,,,https://www.degruyter.com/document/doi/10.7591/9780801462511/html,Book,Book,2011,Controlled,Regular,Unique_Title_Investigations,1,0,0,0,0,0,0,0,0,0,1,0,0
The Triangle Fire,Cornell University Press,,De Gruyter Platform,10.7591/9780801462511,degruyter:10.7591/9780801462511,978-0-8014-6251-1,,,https://www.degruyter.com/document/doi/10.7591/9780801462511/html,Book,Book,2011,Controlled,Regular,Total_Item_Requests,1,0,0,0,0,0,0,0,0,0,1,0,0
The Triangle Fire,Cornell University Press,,De Gruyter Platform,10.7591/9780801462511,degruyter:10.7591/9780801462511,978-0-8014-6251-1,,,https://www.degruyter.com/document/doi/10.7591/9780801462511/html,Book,Book,2011,Controlled,Regular,Unique_Item_Requests,1,0,0,0,0,0,0,0,0,0,1,0,0
The Triangle Fire,Cornell University Press,,De Gruyter Platform,10.7591/9780801462511,degruyter:10.7591/9780801462511,978-0-8014-6251-1,,,https://www.degruyter.com/document/doi/10.7591/9780801462511/html,Book,Book,2011,Controlled,Regular,Unique_Title_Requests,1,0,0,0,0,0,0,0,0,0,1,0,0
Unveiling Desire,Rutgers University Press,,De Gruyter Platform,10.36019/9780813587875,degruyter:10.36019/9780813587875,978-0-8135-8787-5,,,https://www.degruyter.com/document/doi/10.36019/9780813587875/html,Book,Book,2018,Controlled,Regular,No_License,1,0,0,0,0,0,0,0,0,0,1,0,0
Urban Development Issues,Sciendo,,Sciendo,,,,,2544-6258,,Journal,Other,2018,OA_Gold,Regular,Total_Item_Investigations,1,0,0,1,0,0,0,0,0,0,0,0,0
Urban Development Issues,Sciendo,,Sciendo,,,,,2544-6258,,Journal,Other,2018,OA_Gold,Regular,Unique_Item_Investigations,1,0,0,1,0,0,0,0,0,0,0,0,0
Urban Development Issues,Sciendo,,Sciendo,,,,,2544-6258,,Journal,Other,2018,OA_Gold,Regular,Total_Item_Requests,1,0,0,1,0,0,0,0,0,0,0,0,0
Urban Development Issues,Sciendo,,Sciendo,,,,,2544-6258,,Journal,Other,2018,OA_Gold,Regular,Unique_Item_Requests,1,0,0,1,0,0,0,0,0,0,0,0,0
Women in the Muslim World,Harvard University Press,,De Gruyter Platform,10.4159/harvard.9780674733091,degruyter:10.4159/harvard.9780674733091,978-0-674-73309-1,,,https://www.degruyter.com/document/doi/10.4159/harvard.9780674733091/html,Book,Book,2013,Controlled,Regular,No_License,1,0,0,0,0,0,0,0,0,0,1,0,0
Women's Health in Canada,University of Toronto Press,,De Gruyter Platform,10.3138/9781442685604,degruyter:10.3138/9781442685604,978-1-4426-8560-4,,,https://www.degruyter.com/document/doi/10.3138/9781442685604/html,Book,Book,2019,Controlled,Regular,No_License,1,0,0,0,0,0,0,0,0,0,0,1,0
Writing Culture,University of California Press,,De Gruyter Platform,10.1525/9780520946286,degruyter:10.1525/9780520946286,978-0-520-94628-6,,,https://www.degruyter.com/document/doi/10.1525/9780520946286/html,Book,Book,2020,Controlled,Regular,No_License,1,0,0,0,0,0,0,0,0,1,0,0,0
Writing Women in Late Medieval and Early Modern Spain,University of Pennsylvania Press,,De Gruyter Platform,10.9783/9781512808179,degruyter:10.9783/9781512808179,978-1-5128-0817-9,,,https://www.degruyter.com/document/doi/10.9783/9781512808179/html,Book,Book,2016,Controlled,Regular,Total_Item_Investigations,1,0,0,0,0,0,0,0,0,0,1,0,0
Writing Women in Late Medieval and Early Modern Spain,University of Pennsylvania Press,,De Gruyter Platform,10.9783/9781512808179,degruyter:10.9783/9781512808179,978-1-5128-0817-9,,,https://www.degruyter.com/document/doi/10.9783/9781512808179/html,Book,Book,2016,Controlled,Regular,Unique_Item_Investigations,1,0,0,0,0,0,0,0,0,0,1,0,0
Writing Women in Late Medieval and Early Modern Spain,University of Pennsylvania Press,,De Gruyter Platform,10.9783/9781512808179,degruyter:10.9783/9781512808179,978-1-5128-0817-9,,,https://www.degruyter.com/document/doi/10.9783/9781512808179/html,Book,Book,2016,Controlled,Regular,Unique_Title_Investigations,1,0,0,0,0,0,0,0,0,0,1,0,0
Writing Women in Late Medieval and Early Modern Spain,University of Pennsylvania Press,,De Gruyter Platform,10.9783/9781512808179,degruyter:10.9783/9781512808179,978-1-5128-0817-9,,,https://www.degruyter.com/document/doi/10.9783/9781512808179/html,Book,Book,2016,Controlled,Regular,Total_Item_Requests,1,0,0,0,0,0,0,0,0,0,1,0,0
Writing Women in Late Medieval and Early Modern Spain,University of Pennsylvania Press,,De Gruyter Platform,10.9783/9781512808179,degruyter:10.9783/9781512808179,978-1-5128-0817-9,,,https://www.degruyter.com/document/doi/10.9783/9781512808179/html,Book,Book,2016,Controlled,Regular,Unique_Item_Requests,1,0,0,0,0,0,0,0,0,0,1,0,0
Writing Women in Late Medieval and Early Modern Spain,University of Pennsylvania Press,,De Gruyter Platform,10.9783/9781512808179,degruyter:10.9783/9781512808179,978-1-5128-0817-9,,,https://www.degruyter.com/document/doi/10.9783/9781512808179/html,Book,Book,2016,Controlled,Regular,Unique_Title_Requests,1,0,0,0,0,0,0,0,0,0,1,0,0
Zeitschrift für Anglistik und Amerikanistik,De Gruyter,,De Gruyter Platform,,degruyter:2196_4726,,,2196-4726,https://www.degruyter.com/journal/issn/2196-4726/html,Journal,Article,2007,Controlled,Regular,No_License,1,0,0,0,0,0,0,0,0,1,0,0,0
arcadia,De Gruyter,,De Gruyter Platform,,degruyter:1613_0642,,,1613-0642,https://www.degruyter.com/journal/issn/1613-0642/html,Journal,Article,2011,Controlled,Regular,No_License,2,0,0,0,0,0,0,0,2,0,0,0,0
Économie et parenté,De Gruyter Mouton,,De Gruyter Platform,10.1515/9783111584720,degruyter:10.1515/9783111584720,978-3-11-158472-0,,,https://www.degruyter.com/document/doi/10.1515/9783111584720/html,Book,Book,2017,Controlled,Regular,No_License,2,0,0,0,0,0,0,0,2,0,0,0,0
